{
  "type": "FeatureCollection",
  "features": [
    {
      "type": "Feature",
      "properties": {
        "@id": "relation/4113601",
        "brand": "Catalonia Hotels & Resorts",
        "brand:wikidata": "Q126180437",
        "building": "yes",
        "building:levels": "9",
        "check_date": "2025-09-28",
        "internet_access": "wlan",
        "name": "Catalonia Barcelona Plaza",
        "operator": "Hoteles Catalonia",
        "stars": "4",
        "tourism": "hotel",
        "type": "multipolygon",
        "@geometry": "center",
        "nearest_route_m": 1902.21,
        "nearby_routes_count": 0,
        "closeness_score": 0.0,
        "variety_score": 0.0,
        "running_accessibility_score": 0.0,
        "running_category": "Very poor"
      },
      "geometry": {
        "type": "Point",
        "coordinates": [
          2.1483738,
          41.3755271
        ]
      },
      "id": "relation/4113601"
    },
    {
      "type": "Feature",
      "properties": {
        "@id": "relation/6291608",
        "addr:city": "Barcelona",
        "addr:place": "Pl. Carlos Ibañez",
        "addr:postcode": "08038",
        "addr:street": "3",
        "building": "yes",
        "building:levels": "2",
        "email": "info@hotelmiramarbarcelona.com",
        "internet_access": "yes",
        "name": "Hotel Miramar Barcelona",
        "name:ca": "Hotel Miramar Barcelona",
        "phone": "+34 932 811 600",
        "stars": "5",
        "tourism": "hotel",
        "type": "multipolygon",
        "website": "https://hotelmiramarbarcelona.com/",
        "wikidata": "Q111389485",
        "@geometry": "center",
        "nearest_route_m": 843.13,
        "nearby_routes_count": 1,
        "closeness_score": 0.1569,
        "variety_score": 0.25,
        "running_accessibility_score": 17.55,
        "running_category": "Very poor"
      },
      "geometry": {
        "type": "Point",
        "coordinates": [
          2.1713632,
          41.3701454
        ]
      },
      "id": "relation/6291608"
    },
    {
      "type": "Feature",
      "properties": {
        "@id": "relation/7331553",
        "building": "hotel",
        "building:levels": "9",
        "name": "Hotel Serhs Rivoli Rambla",
        "tourism": "hotel",
        "type": "multipolygon",
        "wikidata": "Q111389530",
        "@geometry": "center",
        "nearest_route_m": 1004.1,
        "nearby_routes_count": 0,
        "closeness_score": 0.0,
        "variety_score": 0.0,
        "running_accessibility_score": 0.0,
        "running_category": "Very poor"
      },
      "geometry": {
        "type": "Point",
        "coordinates": [
          2.1712864,
          41.3843072
        ]
      },
      "id": "relation/7331553"
    },
    {
      "type": "Feature",
      "properties": {
        "@id": "relation/9049868",
        "addr:city": "Barcelona",
        "addr:housenumber": "11B",
        "addr:postcode": "08028",
        "addr:street": "Carrer del Cardenal Reig",
        "air_conditioning": "yes",
        "bar": "yes",
        "brand": "ILUNION Hotels",
        "building": "yes",
        "building:levels": "8",
        "building:levels:underground": "2",
        "contact:facebook": "https://www.facebook.com/ilunionhotels/",
        "description": "Next to Camp Nou Stadium, the Hotel ILUNION Les Corts Spa is a 4-star hotel with comfortable rooms, private parking, free Wi-Fi, rooftop pool, spa facilities, meeting rooms, bar and restaurant, pet friendly, gym, piano bar...",
        "email": "reservaslescorts@ilunionhotels.com",
        "image": "https://www.ilunionlescortsspa.com/cache/e3/ad/e3ad43276eb8debf3b4b25eb14108381.jpg",
        "internet_access": "yes",
        "internet_access:fee": "no",
        "name": "Hotel ILUNION Les Corts Spa",
        "opening_hours": "24/7",
        "operator": "ILUNION Hotels",
        "payment:credit_cards": "yes",
        "payment:debit_cards": "yes",
        "phone": "+34 931150301",
        "reservation": "yes",
        "rooms": "213",
        "smoking": "outside",
        "source": "survey;www.ilunionlescortsspa.com",
        "stars": "4",
        "tourism": "hotel",
        "type": "multipolygon",
        "website": "https://www.ilunionhotels.com/hoteles/ilunion-les-corts-spa",
        "wheelchair": "yes",
        "wikidata": "Q135670054",
        "@geometry": "center",
        "nearest_route_m": 756.93,
        "nearby_routes_count": 1,
        "closeness_score": 0.2431,
        "variety_score": 0.25,
        "running_accessibility_score": 24.45,
        "running_category": "Poor"
      },
      "geometry": {
        "type": "Point",
        "coordinates": [
          2.1135721,
          41.3776403
        ]
      },
      "id": "relation/9049868"
    },
    {
      "type": "Feature",
      "properties": {
        "@id": "relation/9156678",
        "addr:housenumber": "26",
        "addr:postcode": "08012",
        "addr:street": "Carrer de Bretón de los Herreros",
        "building": "hotel",
        "building:levels": "7",
        "building:levels:underground": "1",
        "name": "Aparthotel Silver",
        "name:ru": "ORTOPÈDIA CURTO",
        "tourism": "hotel",
        "type": "multipolygon",
        "website": "https://www.hotelsilver.com",
        "wikidata": "Q111389448",
        "@geometry": "center",
        "nearest_route_m": 833.87,
        "nearby_routes_count": 1,
        "closeness_score": 0.1661,
        "variety_score": 0.25,
        "running_accessibility_score": 18.29,
        "running_category": "Very poor"
      },
      "geometry": {
        "type": "Point",
        "coordinates": [
          2.1510548,
          41.4021845
        ]
      },
      "id": "relation/9156678"
    },
    {
      "type": "Feature",
      "properties": {
        "@id": "relation/9160031",
        "addr:housenumber": "113",
        "addr:street": "Passeig de Gràcia",
        "alt_name": "Casa Bonaventura Ferrer",
        "building": "hotel",
        "building:levels": "6",
        "building:levels:underground": "1",
        "castle_type": "palace",
        "historic": "castle",
        "name": "El Palauet Barcelona",
        "name:ca": "El Palauet Barcelona",
        "stars": "5",
        "tourism": "hotel",
        "type": "multipolygon",
        "website": "https://www.elpalauet.com/",
        "wikidata": "Q8341565",
        "wikipedia": "en:Casa Bonaventura Ferrer",
        "@geometry": "center",
        "nearest_route_m": 81.59,
        "nearby_routes_count": 1,
        "closeness_score": 0.9184,
        "variety_score": 0.25,
        "running_accessibility_score": 78.47,
        "running_category": "Good"
      },
      "geometry": {
        "type": "Point",
        "coordinates": [
          2.1583142,
          41.3968664
        ]
      },
      "id": "relation/9160031"
    },
    {
      "type": "Feature",
      "properties": {
        "@id": "relation/9285520",
        "building": "hotel",
        "building:levels": "14",
        "building:levels:underground": "6",
        "contact:email": "nhcalderon@nh-hotels.com",
        "contact:phone": "+34 933010000",
        "contact:website": "http://www.nh-hotels.com/nh/en/hotels/spain/barcelona/nh-calderon.html",
        "internet_access": "wlan",
        "name": "NH Gran Hotel Calderón",
        "operator": "NH",
        "stars": "5",
        "tourism": "hotel",
        "type": "multipolygon",
        "@geometry": "center",
        "nearest_route_m": 910.93,
        "nearby_routes_count": 1,
        "closeness_score": 0.0891,
        "variety_score": 0.25,
        "running_accessibility_score": 12.13,
        "running_category": "Very poor"
      },
      "geometry": {
        "type": "Point",
        "coordinates": [
          2.166352,
          41.3894626
        ]
      },
      "id": "relation/9285520"
    },
    {
      "type": "Feature",
      "properties": {
        "@id": "relation/9336464",
        "addr:city": "Barcelona",
        "addr:housenumber": "38-40",
        "addr:postcode": "08007",
        "addr:street": "Passeig de Gràcia",
        "building": "hotel",
        "building:levels": "11",
        "building:levels:underground": "3",
        "email": "mobcn-reservations@mohg.com",
        "name": "Mandarin Oriental",
        "phone": "+34 931518888",
        "stars": "5",
        "tourism": "hotel",
        "type": "multipolygon",
        "website": "https://www.mandarinoriental.es/",
        "wikidata": "Q6747848",
        "@geometry": "center",
        "nearest_route_m": 723.46,
        "nearby_routes_count": 1,
        "closeness_score": 0.2765,
        "variety_score": 0.25,
        "running_accessibility_score": 27.12,
        "running_category": "Poor"
      },
      "geometry": {
        "type": "Point",
        "coordinates": [
          2.1669072,
          41.3913824
        ]
      },
      "id": "relation/9336464"
    },
    {
      "type": "Feature",
      "properties": {
        "@id": "relation/9427483",
        "addr:city": "Barcelona",
        "addr:housenumber": "62",
        "addr:street": "Passeig de Gràcia",
        "building": "hotel",
        "building:levels": "6",
        "name": "Sixtytwo",
        "tourism": "hotel",
        "type": "multipolygon",
        "wikidata": "Q111389487",
        "@geometry": "center",
        "nearest_route_m": 490.76,
        "nearby_routes_count": 1,
        "closeness_score": 0.5092,
        "variety_score": 0.25,
        "running_accessibility_score": 45.74,
        "running_category": "Acceptable"
      },
      "geometry": {
        "type": "Point",
        "coordinates": [
          2.1645943,
          41.3930105
        ]
      },
      "id": "relation/9427483"
    },
    {
      "type": "Feature",
      "properties": {
        "@id": "relation/9453632",
        "building": "hotel",
        "building:levels": "6",
        "building:levels:underground": "1",
        "check_date": "2025-09-29",
        "contact:email": "horiente@husa.es",
        "name": "Oriente Atiram Hotel",
        "name:ca": "Hotel Orient",
        "tourism": "hotel",
        "type": "multipolygon",
        "website": "https://www.hotelhusaoriente.com/",
        "wikidata": "Q17605278",
        "wikipedia": "ca:Hotel Orient",
        "@geometry": "center",
        "nearest_route_m": 545.94,
        "nearby_routes_count": 1,
        "closeness_score": 0.4541,
        "variety_score": 0.25,
        "running_accessibility_score": 41.32,
        "running_category": "Acceptable"
      },
      "geometry": {
        "type": "Point",
        "coordinates": [
          2.17399,
          41.3797232
        ]
      },
      "id": "relation/9453632"
    },
    {
      "type": "Feature",
      "properties": {
        "@id": "relation/9453638",
        "building": "hotel",
        "building:levels": "7",
        "building:levels:underground": "1",
        "name": "Hotel Gaudí",
        "name:ca": "Hotel Gaudí",
        "tourism": "hotel",
        "type": "multipolygon",
        "@geometry": "center",
        "nearest_route_m": 510.62,
        "nearby_routes_count": 1,
        "closeness_score": 0.4894,
        "variety_score": 0.25,
        "running_accessibility_score": 44.15,
        "running_category": "Acceptable"
      },
      "geometry": {
        "type": "Point",
        "coordinates": [
          2.1738311,
          41.3790101
        ]
      },
      "id": "relation/9453638"
    },
    {
      "type": "Feature",
      "properties": {
        "@id": "relation/10795346",
        "building:levels": "7",
        "tourism": "hotel",
        "type": "multipolygon",
        "wikidata": "Q115956401",
        "wikipedia": "ca:Fonda de Sant Agustí",
        "@geometry": "center",
        "name": "Hotel Sant Agusti",
        "nearest_route_m": 764.94,
        "nearby_routes_count": 1,
        "closeness_score": 0.2351,
        "variety_score": 0.25,
        "running_accessibility_score": 23.81,
        "running_category": "Poor"
      },
      "geometry": {
        "type": "Point",
        "coordinates": [
          2.1714731,
          41.3804597
        ]
      },
      "id": "relation/10795346"
    },
    {
      "type": "Feature",
      "properties": {
        "@id": "relation/10795366",
        "addr:housenumber": "9;9-11",
        "addr:postcode": "08001",
        "addr:street": "Carrer Sant Pau;Carrer de Sant Pau",
        "alt_name": "Fonda Espanya",
        "alt_name:es": "Fonda España",
        "building": "hotel",
        "building:levels": "7",
        "name": "Hotel Espanya",
        "name:ca": "Hotel Espanya",
        "name:es": "Hotel España",
        "phone": "+34935500000",
        "stars": "4",
        "tourism": "hotel",
        "type": "multipolygon",
        "website": "https://www.hotelespanya.com",
        "wikidata": "Q11682616",
        "wikipedia": "ca:Fonda Espanya",
        "@geometry": "center",
        "nearest_route_m": 625.38,
        "nearby_routes_count": 1,
        "closeness_score": 0.3746,
        "variety_score": 0.25,
        "running_accessibility_score": 34.97,
        "running_category": "Poor"
      },
      "geometry": {
        "type": "Point",
        "coordinates": [
          2.1730066,
          41.3798959
        ]
      },
      "id": "relation/10795366"
    },
    {
      "type": "Feature",
      "properties": {
        "@id": "relation/11223686",
        "building": "hotel",
        "building:levels": "8",
        "building:levels:underground": "1",
        "name": "Romm Mate Gerard",
        "tourism": "hotel",
        "type": "multipolygon",
        "@geometry": "center",
        "nearest_route_m": 963.05,
        "nearby_routes_count": 1,
        "closeness_score": 0.0369,
        "variety_score": 0.25,
        "running_accessibility_score": 7.96,
        "running_category": "Very poor"
      },
      "geometry": {
        "type": "Point",
        "coordinates": [
          2.1763305,
          41.391476
        ]
      },
      "id": "relation/11223686"
    },
    {
      "type": "Feature",
      "properties": {
        "@id": "relation/11226976",
        "building": "hotel",
        "building:levels": "6",
        "name": "Hotel Catalonia Catedral",
        "stars": "4",
        "tourism": "hotel",
        "type": "multipolygon",
        "website": "https://www.cataloniahotels.com/es/hotel/catalonia-catedral",
        "wikidata": "Q111389548",
        "@geometry": "center",
        "nearest_route_m": 804.84,
        "nearby_routes_count": 1,
        "closeness_score": 0.1952,
        "variety_score": 0.25,
        "running_accessibility_score": 20.61,
        "running_category": "Poor"
      },
      "geometry": {
        "type": "Point",
        "coordinates": [
          2.1746132,
          41.3848559
        ]
      },
      "id": "relation/11226976"
    },
    {
      "type": "Feature",
      "properties": {
        "@id": "relation/11227006",
        "building": "hotel",
        "building:levels": "7",
        "building:levels:underground": "1",
        "name": "Hotel Colon",
        "name:ca": "Hotel Colon",
        "roof:shape": "flat",
        "stars": "4",
        "tourism": "hotel",
        "type": "multipolygon",
        "website": "https://www.hotelcolonbarcelona.es/",
        "wikidata": "Q111389555",
        "@geometry": "center",
        "nearest_route_m": 753.41,
        "nearby_routes_count": 1,
        "closeness_score": 0.2466,
        "variety_score": 0.25,
        "running_accessibility_score": 24.73,
        "running_category": "Poor"
      },
      "geometry": {
        "type": "Point",
        "coordinates": [
          2.1756471,
          41.385041
        ]
      },
      "id": "relation/11227006"
    },
    {
      "type": "Feature",
      "properties": {
        "@id": "relation/11283059",
        "building": "hotel",
        "building:levels": "6",
        "building:levels:underground": "1",
        "email": "born@cataloniahotels.com",
        "name": "Hotel Catalònia Born",
        "phone": "+34 932 68 86 00",
        "tourism": "hotel",
        "type": "multipolygon",
        "website": "https://www.cataloniahotels.com/ca/hotel/catalonia-born",
        "wikidata": "Q123058052",
        "wikipedia": "ca:Casa-fàbrica Sala-Nadal",
        "@geometry": "center",
        "nearest_route_m": 1021.73,
        "nearby_routes_count": 0,
        "closeness_score": 0.0,
        "variety_score": 0.0,
        "running_accessibility_score": 0.0,
        "running_category": "Very poor"
      },
      "geometry": {
        "type": "Point",
        "coordinates": [
          2.1801899,
          41.3897169
        ]
      },
      "id": "relation/11283059"
    },
    {
      "type": "Feature",
      "properties": {
        "@id": "relation/14723314",
        "addr:city": "Barcelona",
        "addr:housenumber": "24",
        "addr:postcode": "08015",
        "addr:street": "Carrer de Llançà",
        "building": "yes",
        "check_date": "2024-09-21",
        "ele": "7",
        "internet_access": "yes",
        "internet_access:fee": "no",
        "name": "Ofelias Hotel",
        "panoramax": "5da2473d-daed-48ca-95c1-ad0bfa433698",
        "panoramax:0": "9f3af54a-070a-4853-b052-bb96d61b5a48",
        "phone": "+34 934 23 38 98",
        "stars": "4",
        "tourism": "hotel",
        "type": "multipolygon",
        "website": "https://www.ofeliashotelbarcelona.com/es",
        "wikidata": "Q111389426",
        "@geometry": "center",
        "nearest_route_m": 1812.59,
        "nearby_routes_count": 0,
        "closeness_score": 0.0,
        "variety_score": 0.0,
        "running_accessibility_score": 0.0,
        "running_category": "Very poor"
      },
      "geometry": {
        "type": "Point",
        "coordinates": [
          2.1501749,
          41.3768314
        ]
      },
      "id": "relation/14723314"
    },
    {
      "type": "Feature",
      "properties": {
        "@id": "way/35816740",
        "brand": "The Ritz-Carlton",
        "brand:wikidata": "Q782200",
        "brand:wikipedia": "en:The Ritz-Carlton Hotel Company",
        "building": "yes",
        "building:levels": "44",
        "height": "154",
        "name": "Hotel Arts",
        "name:ca": "Hotel Arts",
        "source": "Catastro Spain",
        "tourism": "hotel",
        "website": "https://hotelartsbarcelona.com",
        "wikidata": "Q1425790",
        "wikimedia_commons": "Category:Hotel Arts",
        "wikipedia": "ca:Hotel Arts",
        "@geometry": "center",
        "nearest_route_m": 109.16,
        "nearby_routes_count": 1,
        "closeness_score": 0.8908,
        "variety_score": 0.25,
        "running_accessibility_score": 76.27,
        "running_category": "Good"
      },
      "geometry": {
        "type": "Point",
        "coordinates": [
          2.1962221,
          41.3868899
        ]
      },
      "id": "way/35816740"
    },
    {
      "type": "Feature",
      "properties": {
        "@id": "way/37206564",
        "building": "hotel",
        "building:levels": "13",
        "building:levels:underground": "2",
        "contact:email": "raval@barcelo.com",
        "contact:website": "https://barceloraval.com/",
        "name": "Barceló Raval",
        "name:ca": "Barceló Raval",
        "operator": "Barceló",
        "phone": "+34933201490",
        "source": "Catastro Spain",
        "swimming_pool": "yes",
        "tourism": "hotel",
        "wheelchair": "yes",
        "wikidata": "Q111389493",
        "wikimedia_commons": "Category:Hotel Barceló Raval",
        "@geometry": "center",
        "nearest_route_m": 815.22,
        "nearby_routes_count": 1,
        "closeness_score": 0.1848,
        "variety_score": 0.25,
        "running_accessibility_score": 19.78,
        "running_category": "Very poor"
      },
      "geometry": {
        "type": "Point",
        "coordinates": [
          2.1696373,
          41.3790266
        ]
      },
      "id": "way/37206564"
    },
    {
      "type": "Feature",
      "properties": {
        "@id": "way/68763136",
        "brand": "Four Points by Sheraton",
        "brand:wikidata": "Q1439966",
        "brand:wikipedia": "en:Four Points by Sheraton",
        "building": "retail",
        "building:levels": "13",
        "building:levels:underground": "2",
        "email": "reservation@fourpointsbarcelona.com",
        "fax": "+34 933 09 67 27",
        "internet_access": "wlan",
        "name": "Four Points by Sheraton Barcelona Diagonal",
        "phone": "+34 93 486 88 00",
        "short_name": "Four Points",
        "smoking": "no",
        "tourism": "hotel",
        "website": "https://www.marriott.com/hotels/travel/bcnfp-four-points-barcelona-diagonal/",
        "wheelchair": "yes",
        "wikidata": "Q111389587",
        "@geometry": "center",
        "nearest_route_m": 33.48,
        "nearby_routes_count": 1,
        "closeness_score": 0.9665,
        "variety_score": 0.25,
        "running_accessibility_score": 82.32,
        "running_category": "Excellent"
      },
      "geometry": {
        "type": "Point",
        "coordinates": [
          2.1962274,
          41.4053004
        ]
      },
      "id": "way/68763136"
    },
    {
      "type": "Feature",
      "properties": {
        "@id": "way/114709006",
        "building": "hotel",
        "building:levels": "10",
        "contact:phone": "+34 934895300",
        "height": "30 m",
        "name": "The Hoxton",
        "rooms": "240",
        "source": "trabajo de campo",
        "tourism": "hotel",
        "website": "https://thehoxton.com/poblenou/",
        "@geometry": "center",
        "nearest_route_m": 55.74,
        "nearby_routes_count": 1,
        "closeness_score": 0.9443,
        "variety_score": 0.25,
        "running_accessibility_score": 80.54,
        "running_category": "Excellent"
      },
      "geometry": {
        "type": "Point",
        "coordinates": [
          2.1902748,
          41.4035943
        ]
      },
      "id": "way/114709006"
    },
    {
      "type": "Feature",
      "properties": {
        "@id": "way/114709008",
        "brand": "Novotel",
        "brand:wikidata": "Q420545",
        "brand:wikipedia": "en:Novotel",
        "building": "hotel",
        "building:levels": "17",
        "building:levels:underground": "4",
        "check_date": "2024-02-22",
        "contact:email": "h5560@accor.com",
        "contact:phone": "+34 902050351",
        "contact:website": "http://www.accorhotels.com",
        "name": "Novotel Barcelona City",
        "tourism": "hotel",
        "wikidata": "Q111389585",
        "wikimedia_commons": "Category:Novotel Barcelona City",
        "@geometry": "center",
        "nearest_route_m": 58.74,
        "nearby_routes_count": 1,
        "closeness_score": 0.9413,
        "variety_score": 0.25,
        "running_accessibility_score": 80.3,
        "running_category": "Excellent"
      },
      "geometry": {
        "type": "Point",
        "coordinates": [
          2.1911824,
          41.4037938
        ]
      },
      "id": "way/114709008"
    },
    {
      "type": "Feature",
      "properties": {
        "@id": "way/123119906",
        "brand": "H10 Hotels",
        "brand:wikidata": "Q1562646",
        "building": "apartments",
        "name": "H10 Itaca",
        "source": "survey",
        "tourism": "hotel",
        "wikidata": "Q111389422",
        "@geometry": "center",
        "nearest_route_m": 1253.45,
        "nearby_routes_count": 0,
        "closeness_score": 0.0,
        "variety_score": 0.0,
        "running_accessibility_score": 0.0,
        "running_category": "Very poor"
      },
      "geometry": {
        "type": "Point",
        "coordinates": [
          2.1455993,
          41.3809898
        ]
      },
      "id": "way/123119906"
    },
    {
      "type": "Feature",
      "properties": {
        "@id": "way/123197560",
        "addr:city": "Barcelona",
        "addr:housenumber": "72",
        "addr:postcode": "08015",
        "addr:street": "Carrer del Consell de Cent",
        "air_conditioning": "yes",
        "bar": "yes",
        "brand": "chic&basic Hotels",
        "building": "hotel",
        "description": "Hotel chic&basic Velvet in the Eixample quarter gives a unique experience near Sants, Plaza España, and Fira de Barcelona. What are you waiting for? Book now!",
        "email": "velvet@chicandbasic.com",
        "image": "https://www.chicandbasic.com/data/webp/big-chic-and-basic-velvet-galeria-01869.jpg-e45ed76915c1dd85a92f5170f4d71492.webp",
        "internet_access": "wlan",
        "internet_access:fee": "no",
        "name": "chic&basic Velvet Hotel",
        "opening_hours": "24/7",
        "operator": "chic&basic hotels",
        "payment:cash": "yes",
        "payment:contactless": "yes",
        "payment:credit_cards": "yes",
        "payment:mastercard": "yes",
        "payment:visa": "yes",
        "phone": "+34 934 234 647",
        "reservation": "yes",
        "smoking": "outside",
        "smoking:outside": "yes",
        "source": "survey;local knowledge",
        "stars": "3",
        "toilets:wheelchair": "yes",
        "tourism": "hotel",
        "website": "https://www.chicandbasic.com/en/hotel-velvet-barcelona/",
        "wheelchair": "limited",
        "@geometry": "center",
        "nearest_route_m": 1580.15,
        "nearby_routes_count": 0,
        "closeness_score": 0.0,
        "variety_score": 0.0,
        "running_accessibility_score": 0.0,
        "running_category": "Very poor"
      },
      "geometry": {
        "type": "Point",
        "coordinates": [
          2.1502096,
          41.3790475
        ]
      },
      "id": "way/123197560"
    },
    {
      "type": "Feature",
      "properties": {
        "@id": "way/123197963",
        "building": "apartments",
        "email": "info@lofts-apartments.com",
        "fax": "+34 93 3668809",
        "internet_access": "wlan",
        "internet_access:fee": "no",
        "name": "Aramunt Aparthotel",
        "operator": "LOFTS & APARTMENTS, S.L.",
        "phone": "+34 93 3668800",
        "smoking": "separated",
        "tourism": "hotel",
        "website": "http://www.lofts-apartments.com/",
        "@geometry": "center",
        "nearest_route_m": 984.97,
        "nearby_routes_count": 1,
        "closeness_score": 0.015,
        "variety_score": 0.25,
        "running_accessibility_score": 6.2,
        "running_category": "Very poor"
      },
      "geometry": {
        "type": "Point",
        "coordinates": [
          2.1594605,
          41.3870266
        ]
      },
      "id": "way/123197963"
    },
    {
      "type": "Feature",
      "properties": {
        "@id": "way/123198018",
        "addr:city": "Barcelona",
        "addr:housenumber": "34-36",
        "addr:street": "calle Vilamari",
        "building": "hotel",
        "check_date": "2023-04-27",
        "name": "Hotel Vilamari",
        "panoramax": "3bf6341a-b006-488f-8afb-735dad126046",
        "stars": "4",
        "tourism": "hotel",
        "website": "https://www.hotelvilamari.com/",
        "wikidata": "Q111389430",
        "@geometry": "center",
        "nearest_route_m": 1882.56,
        "nearby_routes_count": 0,
        "closeness_score": 0.0,
        "variety_score": 0.0,
        "running_accessibility_score": 0.0,
        "running_category": "Very poor"
      },
      "geometry": {
        "type": "Point",
        "coordinates": [
          2.1525324,
          41.3767601
        ]
      },
      "id": "way/123198018"
    },
    {
      "type": "Feature",
      "properties": {
        "@id": "way/123198440",
        "addr:city": "Barcelona",
        "addr:housenumber": "197",
        "addr:postcode": "08015",
        "addr:street": "Carrer de Viladomat",
        "building": "yes",
        "internet_access": "wlan",
        "internet_access:fee": "no",
        "name": "Hotel Viladomat",
        "operator": "Aahoteles",
        "stars": "3",
        "tourism": "hotel",
        "wheelchair": "yes",
        "@geometry": "center",
        "nearest_route_m": 1139.81,
        "nearby_routes_count": 0,
        "closeness_score": 0.0,
        "variety_score": 0.0,
        "running_accessibility_score": 0.0,
        "running_category": "Very poor"
      },
      "geometry": {
        "type": "Point",
        "coordinates": [
          2.1517343,
          41.3836127
        ]
      },
      "id": "way/123198440"
    },
    {
      "type": "Feature",
      "properties": {
        "@id": "way/123198527",
        "addr:housenumber": "389",
        "addr:postcode": "08015",
        "addr:street": "Gran Via Corts Catalanes",
        "building": "yes",
        "check_date": "2024-09-21",
        "name": "B - Hotel",
        "panoramax": "c48bcc10-c015-4fee-88f3-c0e338846ff0",
        "tourism": "hotel",
        "wikidata": "Q111389427",
        "@geometry": "center",
        "nearest_route_m": 1843.73,
        "nearby_routes_count": 0,
        "closeness_score": 0.0,
        "variety_score": 0.0,
        "running_accessibility_score": 0.0,
        "running_category": "Very poor"
      },
      "geometry": {
        "type": "Point",
        "coordinates": [
          2.1505433,
          41.3766284
        ]
      },
      "id": "way/123198527"
    },
    {
      "type": "Feature",
      "properties": {
        "@id": "way/123198680",
        "brand": "H10 Hotels",
        "brand:wikidata": "Q1562646",
        "building": "yes",
        "check_date": "2025-02-19",
        "name": "H10 Casanova",
        "name:ca": "H10 Casanova",
        "operator": "H10",
        "smoking": "no",
        "tourism": "hotel",
        "wikidata": "Q111389464",
        "@geometry": "center",
        "nearest_route_m": 1309.82,
        "nearby_routes_count": 0,
        "closeness_score": 0.0,
        "variety_score": 0.0,
        "running_accessibility_score": 0.0,
        "running_category": "Very poor"
      },
      "geometry": {
        "type": "Point",
        "coordinates": [
          2.1607454,
          41.3842649
        ]
      },
      "id": "way/123198680"
    },
    {
      "type": "Feature",
      "properties": {
        "@id": "way/123491984",
        "addr:housenumber": "37",
        "addr:postcode": "08019",
        "addr:street": "Passeig de Garcia Fària",
        "building": "hotel",
        "building:levels": "13",
        "building:levels:underground": "2",
        "height": "45",
        "internet_access": "wlan",
        "internet_access:fee": "no",
        "name": "Occidental Atenea Mar",
        "operator": "Barceló",
        "rooms": "191",
        "stars": "4",
        "tourism": "hotel",
        "website": "https://www.barcelo.com/en-us/occidental-atenea-mar/",
        "@geometry": "center",
        "nearest_route_m": 234.33,
        "nearby_routes_count": 2,
        "closeness_score": 0.7657,
        "variety_score": 0.5,
        "running_accessibility_score": 71.25,
        "running_category": "Good"
      },
      "geometry": {
        "type": "Point",
        "coordinates": [
          2.2118558,
          41.402443
        ]
      },
      "id": "way/123491984"
    },
    {
      "type": "Feature",
      "properties": {
        "@id": "way/129717963",
        "building": "yes",
        "email": "hotel@hoteloasisbarcelona.com",
        "internet_access": "service",
        "name": "Hotel Oasis",
        "phone": "+34 93 319 43 96",
        "tourism": "hotel",
        "website": "http://www.hoteloasisbarcelona.com/",
        "wheelchair": "yes",
        "@geometry": "center",
        "nearest_route_m": 235.72,
        "nearby_routes_count": 1,
        "closeness_score": 0.7643,
        "variety_score": 0.25,
        "running_accessibility_score": 66.14,
        "running_category": "Good"
      },
      "geometry": {
        "type": "Point",
        "coordinates": [
          2.1848134,
          41.3829987
        ]
      },
      "id": "way/129717963"
    },
    {
      "type": "Feature",
      "properties": {
        "@id": "way/132533804",
        "building": "hotel",
        "building:levels": "8",
        "building:levels:underground": "2",
        "description": "the former headquarters of the Bagués-Masriera jeweller; a small museum on the first floor exhibits jewellery from the original Bagués-Masriera collection.",
        "historic": "building",
        "name": "Hotel Bagués",
        "stars": "5",
        "tourism": "hotel",
        "website": "https://www.hotelbagues.com",
        "wheelchair": "yes",
        "wikidata": "Q111389531",
        "@geometry": "center",
        "nearest_route_m": 900.06,
        "nearby_routes_count": 1,
        "closeness_score": 0.0999,
        "variety_score": 0.25,
        "running_accessibility_score": 13.0,
        "running_category": "Very poor"
      },
      "geometry": {
        "type": "Point",
        "coordinates": [
          2.1714977,
          41.3827695
        ]
      },
      "id": "way/132533804"
    },
    {
      "type": "Feature",
      "properties": {
        "@id": "way/132551277",
        "addr:housenumber": "132",
        "addr:postcode": "08008",
        "addr:street": "Passeig de Gràcia",
        "building": "hotel",
        "building:levels": "6",
        "building:levels:underground": "1",
        "check_date": "2024-10-26",
        "contact:email": "casafuster@hotelescenter.es",
        "contact:phone": "+34 932553000",
        "historic": "building",
        "name": "Hotel Casa Fuster",
        "name:ca": "Hotel Casa Fuster",
        "stars": "5",
        "tourism": "hotel",
        "website": "https://www.hotelcasafuster.com",
        "wikidata": "Q2518066",
        "wikimedia_commons": "Category:Casa Fuster",
        "wikipedia": "ca:Casa Fuster",
        "@geometry": "center",
        "nearest_route_m": 224.0,
        "nearby_routes_count": 1,
        "closeness_score": 0.776,
        "variety_score": 0.25,
        "running_accessibility_score": 67.08,
        "running_category": "Good"
      },
      "geometry": {
        "type": "Point",
        "coordinates": [
          2.1581244,
          41.398171
        ]
      },
      "id": "way/132551277"
    },
    {
      "type": "Feature",
      "properties": {
        "@id": "way/134576410",
        "addr:housenumber": "2",
        "addr:postcode": "08014",
        "addr:street": "Avinguda de Roma",
        "building": "retail",
        "building:levels": "25",
        "building:levels:underground": "4",
        "email": "tcreservas@expogrupo.com",
        "height": "100",
        "name": "Nobu Hotel Barcelona",
        "old_name": "Torre Catalunya",
        "stars": "5",
        "tourism": "hotel",
        "website": "https://barcelona.nobuhotels.com/es/",
        "wikidata": "Q5912045",
        "wikimedia_commons": "Category:Hotel Torre Catalunya",
        "wikipedia": "ca:Torre Catalunya",
        "@geometry": "center",
        "nearest_route_m": 1312.45,
        "nearby_routes_count": 0,
        "closeness_score": 0.0,
        "variety_score": 0.0,
        "running_accessibility_score": 0.0,
        "running_category": "Very poor"
      },
      "geometry": {
        "type": "Point",
        "coordinates": [
          2.1424958,
          41.3796485
        ]
      },
      "id": "way/134576410"
    },
    {
      "type": "Feature",
      "properties": {
        "@id": "way/170073197",
        "building": "hotel",
        "contact:email": "hoteltrestorres@atiramhotels.com",
        "contact:phone": "+34 934177300",
        "contact:website": "https://www.atiramhotels.com/hoteles/barcelona/hotel-tres-torres-atiram/",
        "name": "Atiram Hotels Tres Torres",
        "stars": "3",
        "tourism": "hotel",
        "@geometry": "center",
        "nearest_route_m": 423.79,
        "nearby_routes_count": 1,
        "closeness_score": 0.5762,
        "variety_score": 0.25,
        "running_accessibility_score": 51.1,
        "running_category": "Acceptable"
      },
      "geometry": {
        "type": "Point",
        "coordinates": [
          2.1301539,
          41.3999534
        ]
      },
      "id": "way/170073197"
    },
    {
      "type": "Feature",
      "properties": {
        "@id": "way/170084566",
        "building": "hotel",
        "building:levels": "5",
        "internet_access": "wlan",
        "name": "Hotel Primero Primera",
        "smoking": "no",
        "stars": "4",
        "tourism": "hotel",
        "wheelchair": "yes",
        "@geometry": "center",
        "nearest_route_m": 363.93,
        "nearby_routes_count": 1,
        "closeness_score": 0.6361,
        "variety_score": 0.25,
        "running_accessibility_score": 55.89,
        "running_category": "Acceptable"
      },
      "geometry": {
        "type": "Point",
        "coordinates": [
          2.1297381,
          41.4003924
        ]
      },
      "id": "way/170084566"
    },
    {
      "type": "Feature",
      "properties": {
        "@id": "node/192066541",
        "check_date": "2025-11-03",
        "name": "Hotel Millenni",
        "stars": "4",
        "tourism": "hotel",
        "wheelchair": "yes",
        "nearest_route_m": 945.0,
        "nearby_routes_count": 1,
        "closeness_score": 0.055,
        "variety_score": 0.25,
        "running_accessibility_score": 9.4,
        "running_category": "Very poor"
      },
      "geometry": {
        "type": "Point",
        "coordinates": [
          2.1670539,
          41.3759505
        ]
      },
      "id": "node/192066541"
    },
    {
      "type": "Feature",
      "properties": {
        "@id": "node/192067263",
        "check_date": "2025-11-03",
        "name": "Hotel Barcelona Universal",
        "phone": "+34935677447",
        "rooms": "167",
        "stars": "4",
        "tourism": "hotel",
        "wikidata": "Q111389477",
        "nearest_route_m": 845.53,
        "nearby_routes_count": 1,
        "closeness_score": 0.1545,
        "variety_score": 0.25,
        "running_accessibility_score": 17.36,
        "running_category": "Very poor"
      },
      "geometry": {
        "type": "Point",
        "coordinates": [
          2.1682509,
          41.3751971
        ]
      },
      "id": "node/192067263"
    },
    {
      "type": "Feature",
      "properties": {
        "@id": "way/198365448",
        "brand": "H10 Hotels",
        "brand:wikidata": "Q1562646",
        "building": "hotel",
        "building:levels": "12",
        "building:levels:underground": "2",
        "name": "H10 Marina Barcelona",
        "name:ca": "H10 Marina Barcelona",
        "operator": "H10 Hotels",
        "phone": "+34 933 097917",
        "toilets:wheelchair": "yes",
        "tourism": "hotel",
        "website": "http://www.hotelh10marinabarcelona.com",
        "wheelchair": "limited",
        "wikidata": "Q111389581",
        "@geometry": "center",
        "nearest_route_m": 757.07,
        "nearby_routes_count": 1,
        "closeness_score": 0.2429,
        "variety_score": 0.25,
        "running_accessibility_score": 24.43,
        "running_category": "Poor"
      },
      "geometry": {
        "type": "Point",
        "coordinates": [
          2.1926963,
          41.3931486
        ]
      },
      "id": "way/198365448"
    },
    {
      "type": "Feature",
      "properties": {
        "@id": "node/199125462",
        "addr:city": "Barcelona",
        "addr:housenumber": "5-7",
        "addr:postcode": "08004",
        "addr:street": "Carrer del Poeta Cabanyes",
        "check_date": "2025-11-03",
        "name": "Hotel Paral·lel",
        "operator": "NN Hotels",
        "stars": "2",
        "tourism": "hotel",
        "nearest_route_m": 1020.35,
        "nearby_routes_count": 0,
        "closeness_score": 0.0,
        "variety_score": 0.0,
        "running_accessibility_score": 0.0,
        "running_category": "Very poor"
      },
      "geometry": {
        "type": "Point",
        "coordinates": [
          2.1661966,
          41.3747759
        ]
      },
      "id": "node/199125462"
    },
    {
      "type": "Feature",
      "properties": {
        "@id": "way/203140439",
        "alt_name": "Habitat Sky",
        "architect": "Dominique Perrault",
        "brand": "Meliá",
        "brand:wikidata": "Q1815030",
        "building": "hotel",
        "building:levels": "31",
        "building:levels:underground": "4",
        "check_date": "2025-09-29",
        "height": "116",
        "name": "Meliá Barcelona Sky",
        "operator": "Meliá",
        "roof:shape": "flat",
        "rooms": "258",
        "smoking": "no",
        "stars": "4",
        "start_date": "2008",
        "swimming_pool": "yes",
        "toilets:wheelchair": "yes",
        "tourism": "hotel",
        "wheelchair": "yes",
        "wikidata": "Q3749929",
        "wikimedia_commons": "Category:Hotel Meliá Barcelona Sky",
        "wikipedia": "ca:Hotel Sky",
        "@geometry": "center",
        "nearest_route_m": 67.09,
        "nearby_routes_count": 1,
        "closeness_score": 0.9329,
        "variety_score": 0.25,
        "running_accessibility_score": 79.63,
        "running_category": "Good"
      },
      "geometry": {
        "type": "Point",
        "coordinates": [
          2.2007993,
          41.4061291
        ]
      },
      "id": "way/203140439"
    },
    {
      "type": "Feature",
      "properties": {
        "@id": "way/206962976",
        "building": "yes",
        "building:levels": "26",
        "building:use": "Hotel",
        "contact:email": "bcn.reservas@princess-hotels.com",
        "contact:phone": "+34 933561000",
        "contact:website": "http://www.hotelbarcelonaprincess.com/",
        "height": "109",
        "internet_access": "wlan",
        "name": "Hotel Barcelona Princess",
        "operator": "sercotel",
        "stars": "4",
        "tourism": "hotel",
        "wheelchair": "yes",
        "wikidata": "Q5911239",
        "wikimedia_commons": "Category:Hotel Barcelona Princess",
        "wikipedia": "ca:Hotel Princess Barcelona",
        "@geometry": "center",
        "nearest_route_m": 42.71,
        "nearby_routes_count": 2,
        "closeness_score": 0.9573,
        "variety_score": 0.5,
        "running_accessibility_score": 86.58,
        "running_category": "Excellent"
      },
      "geometry": {
        "type": "Point",
        "coordinates": [
          2.2186402,
          41.4108375
        ]
      },
      "id": "way/206962976"
    },
    {
      "type": "Feature",
      "properties": {
        "@id": "way/206962977",
        "addr:city": "Barcelona",
        "addr:postcode": "08019",
        "brand": "Hilton Hotels & Resorts",
        "brand:wikidata": "Q598884",
        "building": "yes",
        "building:levels": "25",
        "contact:facebook": "https://www.facebook.com/HiltonDiagonalMarBarcelona",
        "contact:instagram": "https://instagram.com/hiltondiagonalmarbcn",
        "contact:linkedin": "https://www.linkedin.com/company/hilton-diagonal-mar-barcelona",
        "contact:twitter": "https://twitter.com/hiltondiagonal",
        "email": "bcndm.barcelona@hilton.com",
        "fax": "+34 93 507 07 00",
        "height": "85",
        "internet_access": "wlan",
        "internet_access:fee": "yes",
        "name": "Hilton Diagonal Mar Barcelona",
        "operator": "Hilton",
        "phone": "+34 93 507 07 07",
        "smoking": "no",
        "stars": "4",
        "tourism": "hotel",
        "website": "https://www.hilton.com/en/hotels/bcndmhi-hilton-diagonal-mar-barcelona/",
        "wheelchair": "yes",
        "wikidata": "Q124363161",
        "wikimedia_commons": "Category:Hilton Diagonal Mar Barcelona",
        "wikipedia": "es:Hilton Diagonal Mar Barcelona",
        "@geometry": "center",
        "nearest_route_m": 274.33,
        "nearby_routes_count": 2,
        "closeness_score": 0.7257,
        "variety_score": 0.5,
        "running_accessibility_score": 68.05,
        "running_category": "Good"
      },
      "geometry": {
        "type": "Point",
        "coordinates": [
          2.2177892,
          41.408425
        ]
      },
      "id": "way/206962977"
    },
    {
      "type": "Feature",
      "properties": {
        "@id": "way/216968014",
        "brand": "Núñez i Navarro Hotels",
        "building": "hotel",
        "building:levels": "8",
        "building:levels:underground": "2",
        "historic": "building",
        "name": "Hotel 1898",
        "rooms": "169",
        "stars": "4",
        "tourism": "hotel",
        "website": "http://www.hotel1898.com",
        "wheelchair": "no",
        "wikidata": "Q5903287",
        "wikimedia_commons": "Category:Tabacs de Filipines (La Rambla)",
        "wikipedia": "ca:Edifici Tabacs de Filipines",
        "@geometry": "center",
        "nearest_route_m": 979.55,
        "nearby_routes_count": 1,
        "closeness_score": 0.0204,
        "variety_score": 0.25,
        "running_accessibility_score": 6.64,
        "running_category": "Very poor"
      },
      "geometry": {
        "type": "Point",
        "coordinates": [
          2.1708667,
          41.3833652
        ]
      },
      "id": "way/216968014"
    },
    {
      "type": "Feature",
      "properties": {
        "@id": "way/216974329",
        "brand": "H10 Hotels",
        "brand:wikidata": "Q1562646",
        "building": "hotel",
        "building:levels": "5",
        "internet_access": "wlan",
        "internet_access:fee": "no",
        "name": "H10 racó del pi",
        "name:ca": "H10 racó del pi",
        "operator": "H10 hotels",
        "smoking": "no",
        "stars": "3",
        "tourism": "hotel",
        "website": "https://www.h10hotels.com/es/hoteles-barcelona/h10-raco-del-pi",
        "wikidata": "Q81100445",
        "wikimedia_commons": "Category:Pi 7",
        "@geometry": "center",
        "nearest_route_m": 769.02,
        "nearby_routes_count": 1,
        "closeness_score": 0.231,
        "variety_score": 0.25,
        "running_accessibility_score": 23.48,
        "running_category": "Poor"
      },
      "geometry": {
        "type": "Point",
        "coordinates": [
          2.1737908,
          41.3833332
        ]
      },
      "id": "way/216974329"
    },
    {
      "type": "Feature",
      "properties": {
        "@id": "way/217130253",
        "building": "hotel",
        "building:levels": "9",
        "building:levels:underground": "3",
        "check_date": "2023-05-27",
        "name": "Ohla Barcelona",
        "stars": "5",
        "tourism": "hotel",
        "website": "https://www.ohlabarcelona.com/",
        "wikidata": "Q122973627",
        "wikimedia_commons": "Category:Ohla Hotel",
        "wikipedia": "ca:Casa Vilardell",
        "@geometry": "center",
        "nearest_route_m": 994.75,
        "nearby_routes_count": 1,
        "closeness_score": 0.0053,
        "variety_score": 0.25,
        "running_accessibility_score": 5.42,
        "running_category": "Very poor"
      },
      "geometry": {
        "type": "Point",
        "coordinates": [
          2.1742042,
          41.3870336
        ]
      },
      "id": "way/217130253"
    },
    {
      "type": "Feature",
      "properties": {
        "@id": "way/217161995",
        "building": "hotel",
        "building:levels": "9",
        "building:levels:underground": "1",
        "description": "Salvador Dalí and his wife Gala once lived in the Royal Suite at El Palace Hotel, which was originally built by famed hotel tycoon César Ritz in 1919 and renamed in 2005. Stories about Dalí and the hotel are numerous; the artist once asked for a horse to",
        "historic": "building",
        "name": "Palace Hotel Barcelona",
        "tourism": "hotel",
        "website": "https://www.hotelpalacebarcelona.com",
        "wikidata": "Q124606660",
        "wikimedia_commons": "Category:El Palace Hotel Barcelona",
        "wikipedia": "ca:Hotel Palace (Barcelona)",
        "@geometry": "center",
        "nearest_route_m": 851.83,
        "nearby_routes_count": 1,
        "closeness_score": 0.1482,
        "variety_score": 0.25,
        "running_accessibility_score": 16.85,
        "running_category": "Very poor"
      },
      "geometry": {
        "type": "Point",
        "coordinates": [
          2.1717913,
          41.3913912
        ]
      },
      "id": "way/217161995"
    },
    {
      "type": "Feature",
      "properties": {
        "@id": "way/217516921",
        "brand": "Gargallo Hotels",
        "building": "yes",
        "building:levels": "7",
        "email": "stamarta@gargallohotels.es",
        "internet_access": "wlan",
        "name": "Hotel Santa Marta",
        "rooms": "47",
        "stars": "2",
        "tourism": "hotel",
        "website": "https://www.hotelsantamartabcn.com/",
        "@geometry": "center",
        "nearest_route_m": 308.66,
        "nearby_routes_count": 1,
        "closeness_score": 0.6913,
        "variety_score": 0.25,
        "running_accessibility_score": 60.31,
        "running_category": "Good"
      },
      "geometry": {
        "type": "Point",
        "coordinates": [
          2.1852025,
          41.3836345
        ]
      },
      "id": "way/217516921"
    },
    {
      "type": "Feature",
      "properties": {
        "@id": "way/220144979",
        "addr:postcode": "08018",
        "building": "hotel",
        "building:levels": "11",
        "building:levels:underground": "1",
        "email": "hotelpiv@salleshotels.com",
        "fax": "+34 93 300 9060",
        "name": "Sallés Hotel Pere IV",
        "name:ca": "Sallés Hotel Pere IV",
        "operator": "Sallés",
        "phone": "+34 93 320 9650",
        "stars": "4",
        "tourism": "hotel",
        "website": "https://www.salleshotels.com/",
        "wikidata": "Q111409056",
        "@geometry": "center",
        "nearest_route_m": 817.42,
        "nearby_routes_count": 1,
        "closeness_score": 0.1826,
        "variety_score": 0.25,
        "running_accessibility_score": 19.61,
        "running_category": "Very poor"
      },
      "geometry": {
        "type": "Point",
        "coordinates": [
          2.1924307,
          41.3969037
        ]
      },
      "id": "way/220144979"
    },
    {
      "type": "Feature",
      "properties": {
        "@id": "way/220144986",
        "name": "Villa Olimpica Suites Barcelona",
        "operator": "ZT Hoteles",
        "rooms": "150",
        "stars": "4",
        "tourism": "hotel",
        "website": "https://villaolimpica.zthotels.com",
        "@geometry": "center",
        "nearest_route_m": 753.11,
        "nearby_routes_count": 1,
        "closeness_score": 0.2469,
        "variety_score": 0.25,
        "running_accessibility_score": 24.75,
        "running_category": "Poor"
      },
      "geometry": {
        "type": "Point",
        "coordinates": [
          2.1919815,
          41.3974015
        ]
      },
      "id": "way/220144986"
    },
    {
      "type": "Feature",
      "properties": {
        "@id": "way/220144988",
        "addr:city": "Barcelona",
        "addr:housenumber": "32",
        "addr:postcode": "08018",
        "addr:street": "Carrer de Sancho de Ávila",
        "building": "apartments",
        "building:levels": "8",
        "building:levels:underground": "2",
        "name": "Naitly Barcelona Poblenou",
        "tourism": "hotel",
        "website": "https://www.staynaitly.com/es/apartamentos/naitly-barcelona-poblenou",
        "wikidata": "Q111389579",
        "@geometry": "center",
        "nearest_route_m": 664.31,
        "nearby_routes_count": 1,
        "closeness_score": 0.3357,
        "variety_score": 0.25,
        "running_accessibility_score": 31.86,
        "running_category": "Poor"
      },
      "geometry": {
        "type": "Point",
        "coordinates": [
          2.1891127,
          41.3975241
        ]
      },
      "id": "way/220144988"
    },
    {
      "type": "Feature",
      "properties": {
        "@id": "way/220148034",
        "addr:city": "Barcelona",
        "alt_name": "Hotel 4 Barcelona",
        "building": "hotel",
        "building:levels": "9",
        "building:levels:underground": "2",
        "check_date": "2025-09-26",
        "contact:phone": "+34933290954",
        "contact:website": "http://www.hotel4barcelona.com/",
        "internet_access": "wlan",
        "internet_access:access": "customers",
        "internet_access:fee": "no",
        "name": "Best 4 Barcelona",
        "operator": "Best Hotels",
        "panoramax": "6391b161-3f0d-470b-86b2-a4547671233c",
        "stars": "4",
        "tourism": "hotel",
        "website": "https://www.besthotels.es/en/destinations-and-hotels/best-4-barcelona.html",
        "wikidata": "Q111389588",
        "@geometry": "center",
        "nearest_route_m": 478.85,
        "nearby_routes_count": 1,
        "closeness_score": 0.5212,
        "variety_score": 0.25,
        "running_accessibility_score": 46.69,
        "running_category": "Acceptable"
      },
      "geometry": {
        "type": "Point",
        "coordinates": [
          2.2008927,
          41.3959529
        ]
      },
      "id": "way/220148034"
    },
    {
      "type": "Feature",
      "properties": {
        "@id": "way/224523649",
        "addr:housenumber": "83",
        "addr:street": "Carretera del Tibidabo",
        "building": "yes",
        "name": "METT Barcelona",
        "stars": "5",
        "tourism": "hotel",
        "wheelchair": "yes",
        "@geometry": "center",
        "nearest_route_m": 881.53,
        "nearby_routes_count": 1,
        "closeness_score": 0.1185,
        "variety_score": 0.25,
        "running_accessibility_score": 14.48,
        "running_category": "Very poor"
      },
      "geometry": {
        "type": "Point",
        "coordinates": [
          2.1207078,
          41.4254367
        ]
      },
      "id": "way/224523649"
    },
    {
      "type": "Feature",
      "properties": {
        "@id": "way/230837900",
        "brand": "Affiliated by Meliá",
        "building": "hotel",
        "contact:email": "recepcion.hotel.barcelona.condal.mar@melia.com",
        "contact:phone": "+34 933 07 77 27",
        "contact:website": "https://www.melia.com/es/hoteles/espana/barcelona/hotel-barcelona-condal-mar-by-melia",
        "internet_access": "wlan",
        "name": "Hotel Barcelona Condal Mar Affiliated By Meliá",
        "operator": "Meliá",
        "stars": "4",
        "swimming_pool": "yes",
        "tourism": "hotel",
        "wheelchair": "yes",
        "@geometry": "center",
        "nearest_route_m": 382.89,
        "nearby_routes_count": 1,
        "closeness_score": 0.6171,
        "variety_score": 0.25,
        "running_accessibility_score": 54.37,
        "running_category": "Acceptable"
      },
      "geometry": {
        "type": "Point",
        "coordinates": [
          2.2091687,
          41.4125019
        ]
      },
      "id": "way/230837900"
    },
    {
      "type": "Feature",
      "properties": {
        "@id": "way/238773997",
        "building": "hotel",
        "building:levels": "6",
        "building:levels:underground": "2",
        "name": "Miiro Borneta",
        "tourism": "hotel",
        "@geometry": "center",
        "nearest_route_m": 636.37,
        "nearby_routes_count": 1,
        "closeness_score": 0.3636,
        "variety_score": 0.25,
        "running_accessibility_score": 34.09,
        "running_category": "Poor"
      },
      "geometry": {
        "type": "Point",
        "coordinates": [
          2.183997,
          41.3865845
        ]
      },
      "id": "way/238773997"
    },
    {
      "type": "Feature",
      "properties": {
        "@id": "way/238842156",
        "building": "hotel",
        "building:levels": "6",
        "building:levels:underground": "1",
        "name": "Arai",
        "tourism": "hotel",
        "wikidata": "Q21903353",
        "wikimedia_commons": "Category:Casa dels Quatre Rius",
        "wikipedia": "ca:Casa dels Quatre Rius",
        "@geometry": "center",
        "nearest_route_m": 368.63,
        "nearby_routes_count": 1,
        "closeness_score": 0.6314,
        "variety_score": 0.25,
        "running_accessibility_score": 55.51,
        "running_category": "Acceptable"
      },
      "geometry": {
        "type": "Point",
        "coordinates": [
          2.1773098,
          41.3807537
        ]
      },
      "id": "way/238842156"
    },
    {
      "type": "Feature",
      "properties": {
        "@id": "way/241855304",
        "addr:city": "Barcelona",
        "addr:housenumber": "208",
        "addr:postcode": "08029",
        "addr:street": "Carrer del Comte Borrell",
        "building": "hotel",
        "building:levels": "5",
        "check_date": "2024-03-10",
        "internet_access": "wlan",
        "internet_access:fee": "no",
        "name": "Zenit Borrell",
        "operator": "Zenit",
        "smoking": "no",
        "source": "Ajuntament de Barcelona – CartoBCN (2011-03-15)",
        "stars": "4",
        "tourism": "hotel",
        "wheelchair": "yes",
        "wikidata": "Q111389437",
        "@geometry": "center",
        "nearest_route_m": 877.9,
        "nearby_routes_count": 1,
        "closeness_score": 0.1221,
        "variety_score": 0.25,
        "running_accessibility_score": 14.77,
        "running_category": "Very poor"
      },
      "geometry": {
        "type": "Point",
        "coordinates": [
          2.1516132,
          41.3860694
        ]
      },
      "id": "way/241855304"
    },
    {
      "type": "Feature",
      "properties": {
        "@id": "way/242397969",
        "addr:housenumber": "34-32",
        "addr:postcode": "08014",
        "addr:street": "Carrer de Béjar",
        "building": "yes",
        "building:levels": "8",
        "building:levels:underground": "4",
        "name": "Pestana Arena Hotel",
        "name:ca": "Pestana Arena Hotel",
        "operator": "Vincci Hoteles",
        "stars": "4",
        "tourism": "hotel",
        "@geometry": "center",
        "nearest_route_m": 1694.96,
        "nearby_routes_count": 0,
        "closeness_score": 0.0,
        "variety_score": 0.0,
        "running_accessibility_score": 0.0,
        "running_category": "Very poor"
      },
      "geometry": {
        "type": "Point",
        "coordinates": [
          2.1459001,
          41.3768727
        ]
      },
      "id": "way/242397969"
    },
    {
      "type": "Feature",
      "properties": {
        "@id": "way/242403062",
        "addr:city": "Barcelona",
        "addr:housenumber": "101-103-105-107",
        "addr:postcode": "08029",
        "addr:street": "Carrer de París",
        "air_conditioning": "yes",
        "bar": "yes",
        "brand": "Sunotel",
        "building": "apartments",
        "building:levels": "6",
        "contact:facebook": "https://www.facebook.com/SunotelHoteles/",
        "description": "Próximo a la Avenida Diagonal de Barcelona, el Sunotel Aston es un hotel de apartamentos con piscina en la azota, wifi gratis, restaurante, recepción 24 horas, parking privado o room service.",
        "email": "recepcion@sunotelaston.com",
        "image": "https://www.sunotelaston.com/cache/e6/65/e6651deea164dea7ae89ba5672eb0640.jpg",
        "internet_access": "yes",
        "internet_access:fee": "no",
        "name": "Sunotel Aston",
        "opening_hours": "24/7",
        "operator": "Hotelatelier",
        "payment:american_express": "yes",
        "payment:cash": "yes",
        "payment:credit_cards": "yes",
        "payment:debit_cards": "yes",
        "payment:maestro": "yes",
        "payment:mastercard": "yes",
        "payment:visa": "yes",
        "payment:visa_debit": "yes",
        "payment:visa_electron": "yes",
        "phone": "+34 933637070",
        "reservation": "yes",
        "smoking": "outside",
        "source": "Ajuntament de Barcelona – CartoBCN (2011-03-15)",
        "stars": "3",
        "tourism": "hotel",
        "website": "https://www.sunotelaston.com",
        "wheelchair": "yes",
        "wikidata": "Q135409579",
        "@geometry": "center",
        "nearest_route_m": 401.19,
        "nearby_routes_count": 1,
        "closeness_score": 0.5988,
        "variety_score": 0.25,
        "running_accessibility_score": 52.91,
        "running_category": "Acceptable"
      },
      "geometry": {
        "type": "Point",
        "coordinates": [
          2.147352,
          41.3895244
        ]
      },
      "id": "way/242403062"
    },
    {
      "type": "Feature",
      "properties": {
        "@id": "way/242403064",
        "addr:city": "Barcelona",
        "addr:housenumber": "9",
        "addr:postcode": "08029",
        "addr:street": "Avinguda de Sarrià",
        "air_conditioning": "yes",
        "brand": "Sunotel",
        "building": "apartments",
        "building:levels": "8",
        "contact:facebook": "https://www.facebook.com/SunotelHoteles/",
        "description": "Ubicado en el Eixample de Barcelona, el Sunotel Junior posee habitaciones funcionales, restaurante, piscina en la azotea, terraza solárium, wifi gratis, recepción 24 horas y parking privado.",
        "email": "recepcion@sunoteljunior.com",
        "image": "https://www.sunoteljunior.com/cache/42/72/427208c4f42276b157cdd3d29e72a796.jpg",
        "internet_access": "yes",
        "internet_access:fee": "no",
        "name": "Sunotel Junior",
        "opening_hours": "24/7",
        "operator": "Hotelatelier",
        "payment:american_express": "yes",
        "payment:cash": "yes",
        "payment:credit_cards": "yes",
        "payment:debit_cards": "yes",
        "payment:maestro": "yes",
        "payment:mastercard": "yes",
        "payment:visa": "yes",
        "payment:visa_debit": "yes",
        "payment:visa_electron": "yes",
        "phone": "+34 933633501",
        "reservation": "yes",
        "rooms": "34",
        "smoking": "outside",
        "source": "Ajuntament de Barcelona – CartoBCN (2011-03-15);https://www.sunoteljunior.com/",
        "stars": "2",
        "tourism": "hotel",
        "website": "https://www.sunoteljunior.com",
        "wheelchair": "yes",
        "wikidata": "Q135409603",
        "@geometry": "center",
        "nearest_route_m": 375.52,
        "nearby_routes_count": 1,
        "closeness_score": 0.6245,
        "variety_score": 0.25,
        "running_accessibility_score": 54.96,
        "running_category": "Acceptable"
      },
      "geometry": {
        "type": "Point",
        "coordinates": [
          2.1471165,
          41.3897089
        ]
      },
      "id": "way/242403064"
    },
    {
      "type": "Feature",
      "properties": {
        "@id": "way/248666373",
        "building": "yes",
        "name": "Hotel Catalonia La Maquinista",
        "tourism": "hotel",
        "@geometry": "center",
        "nearest_route_m": 3467.46,
        "nearby_routes_count": 0,
        "closeness_score": 0.0,
        "variety_score": 0.0,
        "running_accessibility_score": 0.0,
        "running_category": "Very poor"
      },
      "geometry": {
        "type": "Point",
        "coordinates": [
          2.1999068,
          41.4394642
        ]
      },
      "id": "way/248666373"
    },
    {
      "type": "Feature",
      "properties": {
        "@id": "way/249401779",
        "addr:city": "Barcelona",
        "addr:housenumber": "46, 50",
        "addr:street": "Avinguda de Sarrià",
        "building": "hotel",
        "name": "Hotel Melià Barcelona",
        "name:ca": "Hotel Melià Barcelona",
        "source": "Ajuntament de Barcelona - CartoBCN (@2013-11-10)",
        "tourism": "hotel",
        "wikidata": "Q6812271",
        "wikipedia": "en:Meliá Barcelona Sarrià Hotel",
        "@geometry": "center",
        "nearest_route_m": 89.02,
        "nearby_routes_count": 1,
        "closeness_score": 0.911,
        "variety_score": 0.25,
        "running_accessibility_score": 77.88,
        "running_category": "Good"
      },
      "geometry": {
        "type": "Point",
        "coordinates": [
          2.1419534,
          41.3911305
        ]
      },
      "id": "way/249401779"
    },
    {
      "type": "Feature",
      "properties": {
        "@id": "way/249401834",
        "building": "yes",
        "building:levels": "6",
        "name": "ITC Barcelona By Soho Boutique",
        "source": "Ajuntament de Barcelona - CartoBCN (@2013-11-10)",
        "tourism": "hotel",
        "@geometry": "center",
        "nearest_route_m": 1250.03,
        "nearby_routes_count": 0,
        "closeness_score": 0.0,
        "variety_score": 0.0,
        "running_accessibility_score": 0.0,
        "running_category": "Very poor"
      },
      "geometry": {
        "type": "Point",
        "coordinates": [
          2.165442,
          41.3860138
        ]
      },
      "id": "way/249401834"
    },
    {
      "type": "Feature",
      "properties": {
        "@id": "way/249401976",
        "building": "hotel",
        "name": "Acevi Villaroel",
        "tourism": "hotel",
        "wheelchair": "yes",
        "@geometry": "center",
        "nearest_route_m": 1078.01,
        "nearby_routes_count": 0,
        "closeness_score": 0.0,
        "variety_score": 0.0,
        "running_accessibility_score": 0.0,
        "running_category": "Very poor"
      },
      "geometry": {
        "type": "Point",
        "coordinates": [
          2.1569975,
          41.3855236
        ]
      },
      "id": "way/249401976"
    },
    {
      "type": "Feature",
      "properties": {
        "@id": "way/249403014",
        "addr:city": "Barcelona",
        "addr:housenumber": "100",
        "addr:postcode": "08015",
        "addr:street": "Carrer de la Diputació",
        "brand": "Leonardo Hotels",
        "brand:wikidata": "Q1819101",
        "building": "hotel",
        "email": "info.granvia@leonardo-hotels.com",
        "internet_access": "wlan",
        "internet_access:fee": "no",
        "name": "Leonardo Hotel Barcelona Gran Via",
        "operator": "Leonardo Hotels",
        "phone": "+34 930 88 29 00;+34 935 53 47 60",
        "rooms": "100",
        "smoking": "no",
        "stars": "3",
        "tourism": "hotel",
        "website": "https://www.leonardo-hotels.com/barcelona/leonardo-hotel-barcelona-gran-via",
        "@geometry": "center",
        "nearest_route_m": 1496.1,
        "nearby_routes_count": 0,
        "closeness_score": 0.0,
        "variety_score": 0.0,
        "running_accessibility_score": 0.0,
        "running_category": "Very poor"
      },
      "geometry": {
        "type": "Point",
        "coordinates": [
          2.1550107,
          41.3810535
        ]
      },
      "id": "way/249403014"
    },
    {
      "type": "Feature",
      "properties": {
        "@id": "way/249403421",
        "addr:city": "Barcelona",
        "addr:housenumber": "157",
        "addr:postcode": "08011",
        "addr:street": "Carrer de València",
        "air_conditioning": "yes",
        "bar": "yes",
        "brand": "Petit Palace Hotelity",
        "brand:wikidata": "Q125472094",
        "building": "yes",
        "contact:facebook": "https://www.facebook.com/PetitPalaceHotels/",
        "description": "Próximo al Paseo de Gracia, el Petit Palace Trencadis es un hotel de 4 estrellas con terraza, piscina exterior, wifi gratis, alquiler de bicicletas, habitaciones funcionales, parking privado, salas de reuniones y biblioteca.",
        "image": "https://petitpalacetrencadis.com/backoffice/images/188-pool-petit-palace-trencadis.png",
        "internet_access": "yes",
        "internet_access:fee": "no",
        "mobile": "+34 679 49 99 83",
        "name": "Petit Palace Trencadis",
        "not:name": "Sunotel Club;Sunotel Central;Sunotel Club Central;Sunotel",
        "opening_hours": "24/7",
        "operator": "Hotelatelier",
        "payment:american_express": "yes",
        "payment:cash": "yes",
        "payment:credit_cards": "yes",
        "payment:debit_cards": "yes",
        "payment:maestro": "yes",
        "payment:mastercard": "yes",
        "payment:visa": "yes",
        "payment:visa_debit": "yes",
        "payment:visa_electron": "yes",
        "phone": "+34 934 52 05 33",
        "reservation": "yes",
        "smoking": "outside",
        "source": "Ajuntament de Barcelona - CartoBCN (@2013-11-10);https://www.sunotelclub.com",
        "stars": "4",
        "tourism": "hotel",
        "website": "https://www.petitpalacetrencadis.com",
        "wheelchair": "yes",
        "wikidata": "Q111389455",
        "@geometry": "center",
        "nearest_route_m": 797.86,
        "nearby_routes_count": 1,
        "closeness_score": 0.2021,
        "variety_score": 0.25,
        "running_accessibility_score": 21.17,
        "running_category": "Poor"
      },
      "geometry": {
        "type": "Point",
        "coordinates": [
          2.1566566,
          41.3880982
        ]
      },
      "id": "way/249403421"
    },
    {
      "type": "Feature",
      "properties": {
        "@id": "way/249403690",
        "building": "hotel",
        "designation": "4 stars",
        "name": "Murmuri Boutique Hotel",
        "name:ca": "Murmuri Boutique Hotel",
        "source": "Ajuntament de Barcelona - CartoBCN (@2013-11-10);www.murmuri.com",
        "tourism": "hotel",
        "website": "https://majestichotelgroup.com/es/barcelona/hotel-murmuri",
        "@geometry": "center",
        "nearest_route_m": 241.38,
        "nearby_routes_count": 1,
        "closeness_score": 0.7586,
        "variety_score": 0.25,
        "running_accessibility_score": 65.69,
        "running_category": "Good"
      },
      "geometry": {
        "type": "Point",
        "coordinates": [
          2.1597924,
          41.3941712
        ]
      },
      "id": "way/249403690"
    },
    {
      "type": "Feature",
      "properties": {
        "@id": "way/249403777",
        "building": "hotel",
        "name": "BCN Urban Hotels Gran Rosellon",
        "source": "Ajuntament de Barcelona - CartoBCN (@2013-11-10)",
        "tourism": "hotel",
        "@geometry": "center",
        "nearest_route_m": 365.12,
        "nearby_routes_count": 1,
        "closeness_score": 0.6349,
        "variety_score": 0.25,
        "running_accessibility_score": 55.79,
        "running_category": "Acceptable"
      },
      "geometry": {
        "type": "Point",
        "coordinates": [
          2.1561019,
          41.392068
        ]
      },
      "id": "way/249403777"
    },
    {
      "type": "Feature",
      "properties": {
        "@id": "way/249404052",
        "building": "hotel",
        "building:levels": "7",
        "name": "Evenia Rosselló",
        "source": "Ajuntament de Barcelona - CartoBCN (@2013-11-10)",
        "tourism": "hotel",
        "wikidata": "Q111389454",
        "@geometry": "center",
        "nearest_route_m": 338.83,
        "nearby_routes_count": 1,
        "closeness_score": 0.6612,
        "variety_score": 0.25,
        "running_accessibility_score": 57.89,
        "running_category": "Acceptable"
      },
      "geometry": {
        "type": "Point",
        "coordinates": [
          2.1554084,
          41.3921433
        ]
      },
      "id": "way/249404052"
    },
    {
      "type": "Feature",
      "properties": {
        "@id": "way/249404139",
        "addr:city": "Barcelona",
        "addr:housenumber": "2",
        "addr:postcode": "08011",
        "addr:street": "Carrer de Muntaner",
        "building": "yes",
        "name": "Splendid Hotel",
        "source": "Ajuntament de Barcelona - CartoBCN (@2013-11-10)",
        "tourism": "hotel",
        "@geometry": "center",
        "nearest_route_m": 1389.59,
        "nearby_routes_count": 0,
        "closeness_score": 0.0,
        "variety_score": 0.0,
        "running_accessibility_score": 0.0,
        "running_category": "Very poor"
      },
      "geometry": {
        "type": "Point",
        "coordinates": [
          2.1631192,
          41.3841044
        ]
      },
      "id": "way/249404139"
    },
    {
      "type": "Feature",
      "properties": {
        "@id": "way/249404197",
        "addr:city": "Barcelona",
        "addr:housename": "NH Sants Center",
        "addr:housenumber": "20",
        "addr:postcode": "08029",
        "addr:street": "Carrer de l'Equador",
        "brand": "NH Hotels",
        "brand:wikidata": "Q1604631",
        "building": "hotel",
        "building:levels": "6",
        "name": "Hotel Bohemian Entenza",
        "note": "previously known as NH Forum",
        "operator": "NH Hotels",
        "phone": "+34934193636",
        "source": "Ajuntament de Barcelona - CartoBCN (@2013-11-10)",
        "tourism": "hotel",
        "website": "http://www.nh-hoteles.es/nh/es/hoteles/espana/barcelona/nh-sants-center.html",
        "@geometry": "center",
        "nearest_route_m": 618.88,
        "nearby_routes_count": 1,
        "closeness_score": 0.3811,
        "variety_score": 0.25,
        "running_accessibility_score": 35.49,
        "running_category": "Poor"
      },
      "geometry": {
        "type": "Point",
        "coordinates": [
          2.1406861,
          41.3857796
        ]
      },
      "id": "way/249404197"
    },
    {
      "type": "Feature",
      "properties": {
        "@id": "way/249404303",
        "building": "hotel",
        "name": "Hotel Astoria",
        "source": "Ajuntament de Barcelona - CartoBCN (@2013-11-10)",
        "tourism": "hotel",
        "@geometry": "center",
        "nearest_route_m": 80.4,
        "nearby_routes_count": 1,
        "closeness_score": 0.9196,
        "variety_score": 0.25,
        "running_accessibility_score": 78.57,
        "running_category": "Good"
      },
      "geometry": {
        "type": "Point",
        "coordinates": [
          2.1533797,
          41.3940871
        ]
      },
      "id": "way/249404303"
    },
    {
      "type": "Feature",
      "properties": {
        "@id": "way/249404875",
        "addr:city": "Barcelona",
        "addr:housenumber": "250",
        "addr:postcode": "08007",
        "addr:street": "Carrer de la Diputació",
        "air_conditioning": "yes",
        "architect": "Enric Sagnier i Villavecchia",
        "bar": "yes",
        "brand": "Petit Palace Hotelity",
        "brand:wikidata": "Q125472094",
        "building": "hotel",
        "contact:facebook": "https://www.facebook.com/PetitPalaceHotels/",
        "description": "Located in the Casa Garriga Nogués, the Petit Palace Museum is a 4-star hotel designed in modernist style. The hotel provides great location and Wi-Fi, healthy breakfast, bikes and comfort rooms and suites.",
        "email": "museum@petitpalace.com",
        "image": "https://petitpalacemuseumbarcelona.com/backoffice/images/332-carrusel2-petit-palace-museum.jpg",
        "internet_access": "yes",
        "internet_access:fee": "no",
        "name": "Petit Palace Museum",
        "opening_hours": "24/7",
        "operator": "Hotelatelier",
        "payment:american_express": "yes",
        "payment:cash": "yes",
        "payment:contactless": "yes",
        "payment:credit_cards": "yes",
        "payment:debit_cards": "yes",
        "payment:maestro": "yes",
        "payment:mastercard": "yes",
        "payment:visa": "yes",
        "payment:visa_debit": "yes",
        "payment:visa_electron": "yes",
        "phone": "+34 933040087",
        "reservation": "yes",
        "smoking": "outside",
        "source": "Ajuntament de Barcelona - CartoBCN (@2013-11-10);survey;local knowledge;www.petitpalace.com",
        "stars": "4",
        "tourism": "hotel",
        "website": "https://www.petitpalacemuseumbarcelona.com/en/",
        "wheelchair": "yes",
        "wikidata": "Q135409423",
        "@geometry": "center",
        "nearest_route_m": 966.35,
        "nearby_routes_count": 1,
        "closeness_score": 0.0336,
        "variety_score": 0.25,
        "running_accessibility_score": 7.69,
        "running_category": "Very poor"
      },
      "geometry": {
        "type": "Point",
        "coordinates": [
          2.1654729,
          41.3887153
        ]
      },
      "id": "way/249404875"
    },
    {
      "type": "Feature",
      "properties": {
        "@id": "way/249406564",
        "addr:city": "Barcelona",
        "addr:housenumber": "43, 45",
        "addr:street": "Carrer de Nicaragua",
        "building": "hotel",
        "name": "Medium City",
        "source": "Ajuntament de Barcelona - CartoBCN (@2013-11-10)",
        "tourism": "hotel",
        "@geometry": "center",
        "nearest_route_m": 904.68,
        "nearby_routes_count": 1,
        "closeness_score": 0.0953,
        "variety_score": 0.25,
        "running_accessibility_score": 12.63,
        "running_category": "Very poor"
      },
      "geometry": {
        "type": "Point",
        "coordinates": [
          2.1410088,
          41.3831467
        ]
      },
      "id": "way/249406564"
    },
    {
      "type": "Feature",
      "properties": {
        "@id": "way/249407451",
        "addr:city": "Barcelona",
        "addr:housenumber": "570, 572",
        "addr:postcode": "08011",
        "addr:street": "Gran Via de les Corts Catalanes",
        "air_conditioning": "yes",
        "bar": "yes",
        "brand": "Petit Palace Hotelity",
        "brand:wikidata": "Q125472094",
        "building": "apartments",
        "building:levels": "7",
        "contact:facebook": "https://www.facebook.com/PetitPalaceHotels/",
        "description": "Próximo a la Plaza de Catalunya, el Petit Palace Eixample es un hotel de 4 estrellas con terraza, piscina exterior, wifi gratis, bar, alquiler de bicicletas, habitaciones funcionales, parking privado, salas de reuniones y biblioteca.",
        "email": "petitpalaceeixample@hotelatelier.com",
        "image": "https://petitpalaceeixample.com/backoffice/images/140-pool-petit-eixample.jpg",
        "internet_access": "yes",
        "internet_access:fee": "no",
        "name": "Petit Palace Eixample",
        "not:name": "Sunotel Central",
        "opening_hours": "24/7",
        "operator": "Hotelatelier",
        "payment:cash": "yes",
        "payment:credit_cards": "yes",
        "payment:debit_cards": "yes",
        "payment:maestro": "yes",
        "payment:mastercard": "yes",
        "payment:visa": "yes",
        "payment:visa_debit": "yes",
        "payment:visa_electron": "yes",
        "phone": "+34 93 452 73 74",
        "reservation": "yes",
        "rooms": "80",
        "smoking": "outside",
        "source": "Ajuntament de Barcelona - CartoBCN (@2013-11-10);https://www.sunotelcentral.com",
        "stars": "4",
        "tourism": "hotel",
        "website": "https://www.petitpalaceeixample.com",
        "wheelchair": "yes",
        "wikidata": "Q111389469",
        "@geometry": "center",
        "nearest_route_m": 1363.64,
        "nearby_routes_count": 0,
        "closeness_score": 0.0,
        "variety_score": 0.0,
        "running_accessibility_score": 0.0,
        "running_category": "Very poor"
      },
      "geometry": {
        "type": "Point",
        "coordinates": [
          2.1618455,
          41.3840305
        ]
      },
      "id": "way/249407451"
    },
    {
      "type": "Feature",
      "properties": {
        "@id": "way/249407584",
        "addr:city": "Barcelona",
        "addr:housenumber": "596",
        "addr:postcode": "08021",
        "addr:street": "Avinguda Diagonal",
        "air_conditioning": "yes",
        "bar": "yes",
        "brand": "Vincci Hoteles",
        "building": "yes",
        "building:levels": "9",
        "contact:facebook": "https://www.facebook.com/VincciMae/",
        "description": "Hotel de 4 estrellas situado en la Avenida Diagonal de Barcelona, inspirado en la actriz de los años 30' Mae West.",
        "email": "mae@vinccihoteles.com",
        "internet_access": "wlan",
        "internet_access:fee": "no",
        "name": "Hotel Vincci Mae",
        "opening_hours": "24/7",
        "operator": "Vincci Hoteles",
        "payment:american_express": "yes",
        "payment:cash": "yes",
        "payment:credit_cards": "yes",
        "payment:mastercard": "yes",
        "payment:visa": "yes",
        "payment:visa_electron": "yes",
        "phone": "+34937076177",
        "reservation": "yes",
        "rooms": "85",
        "smoking": "no",
        "source": "Ajuntament de Barcelona - CartoBCN (@2013-11-10)",
        "stars": "4",
        "tourism": "hotel",
        "website": "https://www.vinccimae.com/",
        "wheelchair": "yes",
        "wikidata": "Q111872178",
        "@geometry": "center",
        "nearest_route_m": 53.33,
        "nearby_routes_count": 1,
        "closeness_score": 0.9467,
        "variety_score": 0.25,
        "running_accessibility_score": 80.73,
        "running_category": "Excellent"
      },
      "geometry": {
        "type": "Point",
        "coordinates": [
          2.1459867,
          41.3934972
        ]
      },
      "id": "way/249407584"
    },
    {
      "type": "Feature",
      "properties": {
        "@id": "way/249408185",
        "building": "apartments",
        "building:levels": "8",
        "description": "El edificio posee un estilo modernista y fue construido en 1913 bajo el nombre de “Casa Evarist Juncosa”. De hecho, la construcción aún conserva en la fachada original elementos modernistas, como cristaleras coloristas, y trabajos de hierro forjado.",
        "email": "regente@hcchotels.es",
        "internet_access": "wlan",
        "name": "HCC Regente",
        "operator": "HCC Hotels",
        "phone": "+34 934 875 989",
        "rooms": "79",
        "smoking": "no",
        "stars": "4",
        "tourism": "hotel",
        "website": "https://www.hcchotels.com/hcc-regente/",
        "@geometry": "center",
        "nearest_route_m": 502.68,
        "nearby_routes_count": 1,
        "closeness_score": 0.4973,
        "variety_score": 0.25,
        "running_accessibility_score": 44.79,
        "running_category": "Acceptable"
      },
      "geometry": {
        "type": "Point",
        "coordinates": [
          2.1622851,
          41.3923167
        ]
      },
      "id": "way/249408185"
    },
    {
      "type": "Feature",
      "properties": {
        "@id": "way/249408451",
        "addr:city": "Barcelona",
        "addr:housenumber": "84",
        "addr:postcode": "08008",
        "addr:street": "Rambla de Catalunya",
        "brand": "Ona Hotels & Apartments",
        "building": "apartments",
        "email": "info@onahotels.com",
        "name": "Mosaic by Ona Hotels",
        "phone": "+34 932 203 726",
        "source": "Ajuntament de Barcelona - CartoBCN (@2013-11-10)",
        "tourism": "hotel",
        "website": "https://www.onahotels.com/hotel-mosaic-barcelona.html",
        "@geometry": "center",
        "nearest_route_m": 444.97,
        "nearby_routes_count": 1,
        "closeness_score": 0.555,
        "variety_score": 0.25,
        "running_accessibility_score": 49.4,
        "running_category": "Acceptable"
      },
      "geometry": {
        "type": "Point",
        "coordinates": [
          2.1617334,
          41.392726
        ]
      },
      "id": "way/249408451"
    },
    {
      "type": "Feature",
      "properties": {
        "@id": "way/263333522",
        "addr:city": "Barcelona",
        "addr:housenumber": "82",
        "addr:postcode": "08014",
        "addr:street": "Carrer d'Antoni de Capmany",
        "building": "yes",
        "name": "Hostal R.Sans",
        "phone": "+34 933313700",
        "tourism": "hotel",
        "website": "https://www.hostalsans.com/en/",
        "wheelchair": "yes",
        "@geometry": "center",
        "nearest_route_m": 1605.83,
        "nearby_routes_count": 0,
        "closeness_score": 0.0,
        "variety_score": 0.0,
        "running_accessibility_score": 0.0,
        "running_category": "Very poor"
      },
      "geometry": {
        "type": "Point",
        "coordinates": [
          2.1354631,
          41.3750919
        ]
      },
      "id": "way/263333522"
    },
    {
      "type": "Feature",
      "properties": {
        "@id": "way/285555449",
        "addr:city": "Barcelona",
        "addr:housenumber": "340",
        "addr:postcode": "08019",
        "addr:street": "Carrer de Llull",
        "air_conditioning": "yes",
        "bar": "yes",
        "brand": "Vincci Hoteles",
        "building": "hotel",
        "building:levels": "6",
        "building:levels:underground": "2",
        "contact:facebook": "https://www.facebook.com/VincciMaritimo/",
        "description": "Hotel 4 estrellas cerca del Palacio de Congresos CCIB y la playa Mar Bella.",
        "email": "maritimo@vinccihoteles.com",
        "internet_access": "wlan",
        "internet_access:fee": "no",
        "name": "Vincci Marítimo",
        "opening_hours": "24/7",
        "operator": "Vincci Hoteles",
        "payment:american_express": "yes",
        "payment:cash": "yes",
        "payment:credit_cards": "yes",
        "payment:mastercard": "yes",
        "payment:visa": "yes",
        "payment:visa_electron": "yes",
        "phone": "+34933562600",
        "reservation": "yes",
        "rooms": "144",
        "smoking": "no",
        "stars": "4",
        "tourism": "hotel",
        "website": "https://www.vinccimaritimo.com/",
        "wheelchair": "yes",
        "wikidata": "Q111389596",
        "@geometry": "center",
        "nearest_route_m": 157.44,
        "nearby_routes_count": 2,
        "closeness_score": 0.8426,
        "variety_score": 0.5,
        "running_accessibility_score": 77.4,
        "running_category": "Good"
      },
      "geometry": {
        "type": "Point",
        "coordinates": [
          2.212053,
          41.4080956
        ]
      },
      "id": "way/285555449"
    },
    {
      "type": "Feature",
      "properties": {
        "@id": "way/292403084",
        "addr:city": "Barcelona",
        "addr:housenumber": "196-198",
        "addr:postcode": "08005",
        "addr:street": "Carrer de Ramon Turró",
        "air_conditioning": "yes",
        "bar": "yes",
        "brand": "ILUNION Hotels",
        "building": "hotel",
        "building:levels": "9",
        "building:levels:underground": "2",
        "contact:facebook": "https://www.facebook.com/ilunionhotels/",
        "description": "Located in Poblenou Barcelona, the ILUNION Barcelona 4 is a 4-star hotel with parking, modern rooms, working areas, bar, 24h reception, pool in the rooftop, free Wi-Fi, pet friendly and full access to handicapped guests.",
        "email": "recepcionbarcelona@ilunionhotels.com",
        "image": "https://www.ilunionbarcelona.com/cache/1e/87/1e87655b550381f06d5857d13ec93fbc.jpg",
        "internet_access": "yes",
        "internet_access:fee": "no",
        "name": "Hotel ILUNION Barcelona",
        "opening_hours": "24/7",
        "payment:credit_cards": "yes",
        "payment:debit_cards": "yes",
        "phone": "+34 932 43 88 00",
        "reservation": "yes",
        "rooms": "224",
        "smoking": "outside",
        "source": "www.ilunionhotels.com;survey",
        "stars": "4",
        "tourism": "hotel",
        "website": "https://www.ilunionhotels.com/hoteles/ilunion-barcelona",
        "wheelchair": "yes",
        "wikidata": "Q111389589",
        "@geometry": "center",
        "nearest_route_m": 584.27,
        "nearby_routes_count": 2,
        "closeness_score": 0.4157,
        "variety_score": 0.5,
        "running_accessibility_score": 43.26,
        "running_category": "Acceptable"
      },
      "geometry": {
        "type": "Point",
        "coordinates": [
          2.2024508,
          41.398902
        ]
      },
      "id": "way/292403084"
    },
    {
      "type": "Feature",
      "properties": {
        "@id": "way/296675229",
        "building": "hotel",
        "building:levels": "6",
        "building:levels:underground": "1",
        "name": "Hotel Flor Parks",
        "operator": "Flor Parks",
        "phone": "+34 933429788",
        "smoking": "isolated",
        "tourism": "hotel",
        "website": "http://www.hotel-flor-parks.com/",
        "wheelchair": "limited",
        "@geometry": "center",
        "nearest_route_m": 603.75,
        "nearby_routes_count": 1,
        "closeness_score": 0.3963,
        "variety_score": 0.25,
        "running_accessibility_score": 36.7,
        "running_category": "Poor"
      },
      "geometry": {
        "type": "Point",
        "coordinates": [
          2.1740341,
          41.3807768
        ]
      },
      "id": "way/296675229"
    },
    {
      "type": "Feature",
      "properties": {
        "@id": "way/303007619",
        "addr:city": "Barcelona",
        "addr:housenumber": "5-7",
        "addr:postcode": "08029",
        "addr:street": "Carrer de Nicaragua",
        "brand": "Hilton",
        "brand:wikidata": "Q598884",
        "building": "yes",
        "check_date": "2025-05-05",
        "contact:email": "reservations@viasantshotel.com",
        "contact:facebook": "https://www.facebook.com/ViaSantsHotel",
        "contact:instagram": "https://www.instagram.com/viasantshotel/",
        "contact:linkedin": "https://es.linkedin.com/company/via-sants-hotel-barcelona-tapestry-collection-by-hilton",
        "email": "reservations@viasantshotel.com",
        "internet_access": "yes",
        "name": "Via Sants Hotel Barcelona, Tapestry Collection by Hilton",
        "phone": "+34 932 50 31 66",
        "tourism": "hotel",
        "website": "https://www.hilton.com/en/hotels/bcnsaup-barcelona-sants-hotel/",
        "@geometry": "center",
        "nearest_route_m": 1131.05,
        "nearby_routes_count": 0,
        "closeness_score": 0.0,
        "variety_score": 0.0,
        "running_accessibility_score": 0.0,
        "running_category": "Very poor"
      },
      "geometry": {
        "type": "Point",
        "coordinates": [
          2.1432082,
          41.3815505
        ]
      },
      "id": "way/303007619"
    },
    {
      "type": "Feature",
      "properties": {
        "@id": "way/338493683",
        "building": "hotel",
        "name": "Hotel Pulitzer",
        "stars": "4",
        "tourism": "hotel",
        "website": "https://www.hotelpulitzer.es/",
        "wikidata": "Q111389501",
        "@geometry": "center",
        "nearest_route_m": 1309.36,
        "nearby_routes_count": 0,
        "closeness_score": 0.0,
        "variety_score": 0.0,
        "running_accessibility_score": 0.0,
        "running_category": "Very poor"
      },
      "geometry": {
        "type": "Point",
        "coordinates": [
          2.1683566,
          41.3859697
        ]
      },
      "id": "way/338493683"
    },
    {
      "type": "Feature",
      "properties": {
        "@id": "way/338493684",
        "building": "yes",
        "name": "Hotel Regina",
        "tourism": "hotel",
        "@geometry": "center",
        "nearest_route_m": 1320.72,
        "nearby_routes_count": 0,
        "closeness_score": 0.0,
        "variety_score": 0.0,
        "running_accessibility_score": 0.0,
        "running_category": "Very poor"
      },
      "geometry": {
        "type": "Point",
        "coordinates": [
          2.1681817,
          41.3859502
        ]
      },
      "id": "way/338493684"
    },
    {
      "type": "Feature",
      "properties": {
        "@id": "way/338512119",
        "brand": "Room Mate",
        "brand:wikidata": "Q26260849",
        "description": "Boutique hotel in Barcelona City Center.",
        "internet_access": "yes",
        "internet_access:fee": "no",
        "name": "Room Mate Pau Hotel",
        "operator": "Room Mate",
        "smoking": "no",
        "stars": "3",
        "tourism": "hotel",
        "website": "https://room-matehotels.com/en/pau/",
        "@geometry": "center",
        "nearest_route_m": 1195.47,
        "nearby_routes_count": 0,
        "closeness_score": 0.0,
        "variety_score": 0.0,
        "running_accessibility_score": 0.0,
        "running_category": "Very poor"
      },
      "geometry": {
        "type": "Point",
        "coordinates": [
          2.1716928,
          41.3876869
        ]
      },
      "id": "way/338512119"
    },
    {
      "type": "Feature",
      "properties": {
        "@id": "node/364735661",
        "check_date": "2023-04-25",
        "name": "Gran Hotel Catalonia",
        "tourism": "hotel",
        "nearest_route_m": 198.81,
        "nearby_routes_count": 1,
        "closeness_score": 0.8012,
        "variety_score": 0.25,
        "running_accessibility_score": 69.09,
        "running_category": "Good"
      },
      "geometry": {
        "type": "Point",
        "coordinates": [
          2.1567229,
          41.3938035
        ]
      },
      "id": "node/364735661"
    },
    {
      "type": "Feature",
      "properties": {
        "@id": "way/366515566",
        "building": "hotel",
        "name": "Hotel Barcelona 1882",
        "tourism": "hotel",
        "wikidata": "Q111409054",
        "@geometry": "center",
        "nearest_route_m": 531.0,
        "nearby_routes_count": 1,
        "closeness_score": 0.469,
        "variety_score": 0.25,
        "running_accessibility_score": 42.52,
        "running_category": "Acceptable"
      },
      "geometry": {
        "type": "Point",
        "coordinates": [
          2.1697283,
          41.4040035
        ]
      },
      "id": "way/366515566"
    },
    {
      "type": "Feature",
      "properties": {
        "@id": "node/367695151",
        "check_date": "2025-09-30",
        "name": "Villa Emilia",
        "tourism": "hotel",
        "wheelchair": "yes",
        "wikidata": "Q111389440",
        "wikimedia_commons": "Category:Hotel Villa Emilia",
        "nearest_route_m": 1556.25,
        "nearby_routes_count": 0,
        "closeness_score": 0.0,
        "variety_score": 0.0,
        "running_accessibility_score": 0.0,
        "running_category": "Very poor"
      },
      "geometry": {
        "type": "Point",
        "coordinates": [
          2.1539506,
          41.3802157
        ]
      },
      "id": "node/367695151"
    },
    {
      "type": "Feature",
      "properties": {
        "@id": "way/371601305",
        "building:levels": "5",
        "name": "Hotel Sofitel",
        "smoking": "no",
        "tourism": "hotel",
        "@geometry": "center",
        "nearest_route_m": 145.98,
        "nearby_routes_count": 1,
        "closeness_score": 0.854,
        "variety_score": 0.25,
        "running_accessibility_score": 73.32,
        "running_category": "Good"
      },
      "geometry": {
        "type": "Point",
        "coordinates": [
          2.1950055,
          41.3857926
        ]
      },
      "id": "way/371601305"
    },
    {
      "type": "Feature",
      "properties": {
        "@id": "way/387875431",
        "building": "hotel",
        "contact:phone": "+34 932 650202",
        "name": "NH Collection Barcelona Podium",
        "operator": "NH",
        "rooms": "140",
        "stars": "4",
        "tourism": "hotel",
        "website": "https://www.nh-hoteles.es/hotel/nh-collection-barcelona-podium",
        "wikidata": "Q111389571",
        "@geometry": "center",
        "nearest_route_m": 971.33,
        "nearby_routes_count": 1,
        "closeness_score": 0.0287,
        "variety_score": 0.25,
        "running_accessibility_score": 7.29,
        "running_category": "Very poor"
      },
      "geometry": {
        "type": "Point",
        "coordinates": [
          2.1779516,
          41.3918048
        ]
      },
      "id": "way/387875431"
    },
    {
      "type": "Feature",
      "properties": {
        "@id": "way/400000889",
        "air_conditioning": "yes",
        "brand": "Travelodge",
        "brand:wikidata": "Q9361374",
        "building": "hotel",
        "building:colour": "white",
        "building:levels": "10",
        "building:levels:underground": "2",
        "designation": "3*",
        "internet_access": "wlan",
        "internet_access:fee": "customers",
        "internet_access:ssid": "Travelodge WiFi",
        "name": "Travelodge Poblenou",
        "operator": "Travelodge",
        "roof:shape": "flat",
        "rooms": "250",
        "tourism": "hotel",
        "website": "https://www.travelodge.es/hotel-en-poblenou-barcelona/",
        "wheelchair": "yes",
        "@geometry": "center",
        "nearest_route_m": 734.18,
        "nearby_routes_count": 2,
        "closeness_score": 0.2658,
        "variety_score": 0.5,
        "running_accessibility_score": 31.27,
        "running_category": "Poor"
      },
      "geometry": {
        "type": "Point",
        "coordinates": [
          2.2011858,
          41.3998924
        ]
      },
      "id": "way/400000889"
    },
    {
      "type": "Feature",
      "properties": {
        "@id": "way/402753021",
        "building": "hotel",
        "name": "Hotel Catalonia Eixample 1864",
        "stars": "4",
        "tourism": "hotel",
        "website": "https://www.cataloniahotels.com/es/hotel/catalonia-eixample-1864",
        "wikidata": "Q111389533",
        "@geometry": "center",
        "nearest_route_m": 526.49,
        "nearby_routes_count": 1,
        "closeness_score": 0.4735,
        "variety_score": 0.25,
        "running_accessibility_score": 42.88,
        "running_category": "Acceptable"
      },
      "geometry": {
        "type": "Point",
        "coordinates": [
          2.1685745,
          41.3936719
        ]
      },
      "id": "way/402753021"
    },
    {
      "type": "Feature",
      "properties": {
        "@id": "way/426162448",
        "addr:housename": "NH Diagonal Center",
        "building": "hotel",
        "building:levels": "8",
        "building:levels:underground": "2",
        "name": "NH Diagonal Center",
        "operator": "NH",
        "stars": "3",
        "tourism": "hotel",
        "website": "http://www.nh-hoteles.es/nh/es/hoteles/espana/barcelona/nh-diagonal-center.html",
        "wheelchair": "yes",
        "@geometry": "center",
        "nearest_route_m": 686.02,
        "nearby_routes_count": 1,
        "closeness_score": 0.314,
        "variety_score": 0.25,
        "running_accessibility_score": 30.12,
        "running_category": "Poor"
      },
      "geometry": {
        "type": "Point",
        "coordinates": [
          2.1923659,
          41.398135
        ]
      },
      "id": "way/426162448"
    },
    {
      "type": "Feature",
      "properties": {
        "@id": "way/430222965",
        "building": "hotel",
        "building:levels": "7",
        "description": "235 habitaciones",
        "ele": "9",
        "internet_access": "wlan",
        "name": "Hotel SB Glow",
        "operator": "SB",
        "rooms": "235",
        "stars": "4",
        "tourism": "hotel",
        "website": "http://www.hotelsb.eu",
        "wheelchair": "yes",
        "wikidata": "Q111389583",
        "@geometry": "center",
        "nearest_route_m": 228.38,
        "nearby_routes_count": 1,
        "closeness_score": 0.7716,
        "variety_score": 0.25,
        "running_accessibility_score": 66.73,
        "running_category": "Good"
      },
      "geometry": {
        "type": "Point",
        "coordinates": [
          2.1911507,
          41.4021751
        ]
      },
      "id": "way/430222965"
    },
    {
      "type": "Feature",
      "properties": {
        "@id": "way/430253348",
        "addr:housenumber": "135-139",
        "addr:postcode": "08018",
        "addr:street": "Carrer d'Àvila",
        "building": "yes",
        "building:levels": "7",
        "name": "Golden Hotel Barcelona",
        "operator": "ZT Hotels",
        "rooms": "160",
        "stars": "4",
        "tourism": "hotel",
        "wikidata": "Q111662164",
        "@geometry": "center",
        "nearest_route_m": 435.81,
        "nearby_routes_count": 1,
        "closeness_score": 0.5642,
        "variety_score": 0.25,
        "running_accessibility_score": 50.13,
        "running_category": "Acceptable"
      },
      "geometry": {
        "type": "Point",
        "coordinates": [
          2.1908484,
          41.4001296
        ]
      },
      "id": "way/430253348"
    },
    {
      "type": "Feature",
      "properties": {
        "@id": "way/432381116",
        "building": "retail",
        "building:levels": "7",
        "building:levels:underground": "2",
        "name": "Ibis Plza. Glòries 22",
        "toilets:wheelchair": "yes",
        "tourism": "hotel",
        "wheelchair": "yes",
        "@geometry": "center",
        "nearest_route_m": 431.46,
        "nearby_routes_count": 1,
        "closeness_score": 0.5685,
        "variety_score": 0.25,
        "running_accessibility_score": 50.48,
        "running_category": "Acceptable"
      },
      "geometry": {
        "type": "Point",
        "coordinates": [
          2.1942334,
          41.401021
        ]
      },
      "id": "way/432381116"
    },
    {
      "type": "Feature",
      "properties": {
        "@id": "way/435114883",
        "addr:city": "Barcelona",
        "addr:housenumber": "69",
        "addr:postcode": "08019",
        "addr:street": "Carrer de Josep Pla",
        "air_conditioning": "yes",
        "bar": "yes",
        "brand": "Vincci Hoteles",
        "building": "hotel",
        "building:levels": "7",
        "contact:email": "bit@vinccihoteles.com",
        "contact:facebook": "https://www.facebook.com/VincciBit",
        "contact:phone": "+34931657420",
        "contact:website": "https://www.vinccibit.com",
        "email": "bit@vinccihoteles.com",
        "internet_access": "wlan",
        "internet_access:fee": "no",
        "name": "Hotel Vincci Bit",
        "not:name": "Vincci Condal Mar",
        "opening_hours": "24/7",
        "operator": "Vincci Hoteles",
        "payment:american_express": "yes",
        "payment:cash": "yes",
        "payment:credit_cards": "yes",
        "payment:maestro": "yes",
        "payment:mastercard": "yes",
        "payment:visa": "yes",
        "payment:visa_electron": "yes",
        "reservation": "yes",
        "rooms": "177",
        "smoking": "no",
        "stars": "4",
        "tourism": "hotel",
        "website": "https://www.vinccibit.com",
        "wheelchair": "yes",
        "wikidata": "Q111389598",
        "@geometry": "center",
        "nearest_route_m": 200.85,
        "nearby_routes_count": 2,
        "closeness_score": 0.7991,
        "variety_score": 0.5,
        "running_accessibility_score": 73.93,
        "running_category": "Good"
      },
      "geometry": {
        "type": "Point",
        "coordinates": [
          2.211748,
          41.4114208
        ]
      },
      "id": "way/435114883"
    },
    {
      "type": "Feature",
      "properties": {
        "@id": "way/439865952",
        "check_date": "2024-09-19",
        "email": "galleryhotel@galleryhoteles.com",
        "fax": "+34 934 159 184",
        "internet_access": "yes",
        "internet_access:fee": "no",
        "name": "Gallery",
        "panoramax": "33c8a891-e29b-453d-a64e-0631c3799e04",
        "phone": "+34 934 159 911",
        "source": "http://www.galleryhotel.com/",
        "stars": "4",
        "tourism": "hotel",
        "website": "http://www.galleryhotel.com/",
        "wikidata": "Q111389472",
        "@geometry": "center",
        "nearest_route_m": 129.91,
        "nearby_routes_count": 1,
        "closeness_score": 0.8701,
        "variety_score": 0.25,
        "running_accessibility_score": 74.61,
        "running_category": "Good"
      },
      "geometry": {
        "type": "Point",
        "coordinates": [
          2.1592605,
          41.395096
        ]
      },
      "id": "way/439865952"
    },
    {
      "type": "Feature",
      "properties": {
        "@id": "way/443605782",
        "brand": "Ibis",
        "brand:wikidata": "Q920166",
        "brand:wikipedia": "en:Ibis (hotel)",
        "building": "hotel",
        "building:levels": "8",
        "internet_access": "wlan",
        "name": "Ibis",
        "name:ru": "Ibis Bogatell",
        "operator": "Acoor",
        "rooms": "213",
        "stars": "2",
        "tourism": "hotel",
        "website": "https://www.accorhotels.com/es/hotel-9663-ibis-styles-barcelona-city-bogatell-/index.shtml",
        "@geometry": "center",
        "nearest_route_m": 825.94,
        "nearby_routes_count": 1,
        "closeness_score": 0.1741,
        "variety_score": 0.25,
        "running_accessibility_score": 18.92,
        "running_category": "Very poor"
      },
      "geometry": {
        "type": "Point",
        "coordinates": [
          2.1932868,
          41.3948498
        ]
      },
      "id": "way/443605782"
    },
    {
      "type": "Feature",
      "properties": {
        "@id": "way/449214203",
        "building": "house",
        "building:levels": "4",
        "building:levels:underground": "1",
        "building:use": "hotel",
        "castle_type": "palace",
        "check_date": "2023-04-25",
        "historic": "castle",
        "name": "Hotel Torre Macaya",
        "tourism": "hotel",
        "@geometry": "center",
        "nearest_route_m": 420.65,
        "nearby_routes_count": 2,
        "closeness_score": 0.5794,
        "variety_score": 0.5,
        "running_accessibility_score": 56.35,
        "running_category": "Acceptable"
      },
      "geometry": {
        "type": "Point",
        "coordinates": [
          2.1349349,
          41.4136103
        ]
      },
      "id": "way/449214203"
    },
    {
      "type": "Feature",
      "properties": {
        "@id": "way/452099976",
        "building": "retail",
        "building:levels": "7",
        "building:levels:underground": "2",
        "check_date": "2024-09-19",
        "name": "Hotel Suites Center Barcelona",
        "panoramax": "38ec8de9-012f-4358-87e8-d09e1daeda30",
        "tourism": "hotel",
        "website": "https://www.hotelescenter.es/suites-center-barcelona/",
        "wikidata": "Q111872194",
        "@geometry": "center",
        "nearest_route_m": 196.5,
        "nearby_routes_count": 1,
        "closeness_score": 0.8035,
        "variety_score": 0.25,
        "running_accessibility_score": 69.28,
        "running_category": "Good"
      },
      "geometry": {
        "type": "Point",
        "coordinates": [
          2.1584548,
          41.397993
        ]
      },
      "id": "way/452099976"
    },
    {
      "type": "Feature",
      "properties": {
        "@id": "node/478867119",
        "addr:city": "Barcelona",
        "addr:housenumber": "9",
        "addr:postcode": "08016",
        "addr:street": "Passeig Andreu Nin",
        "check_date": "2025-11-20",
        "name": "ibis Barcelona Meridiana",
        "tourism": "hotel",
        "nearest_route_m": 3522.68,
        "nearby_routes_count": 0,
        "closeness_score": 0.0,
        "variety_score": 0.0,
        "running_accessibility_score": 0.0,
        "running_category": "Very poor"
      },
      "geometry": {
        "type": "Point",
        "coordinates": [
          2.181653,
          41.4354066
        ]
      },
      "id": "node/478867119"
    },
    {
      "type": "Feature",
      "properties": {
        "@id": "way/481247944",
        "building": "hotel",
        "building:levels": "9",
        "building:levels:underground": "1",
        "email": "info@eurostarsgaudi.com",
        "fax": "+34 932320287",
        "internet_access": "yes",
        "name": "Hotel Eurostars Gaudí",
        "operator": "Hotel Eurostars",
        "payment:american_express": "yes",
        "payment:cash": "yes",
        "payment:maestro": "yes",
        "payment:mastercard": "yes",
        "payment:visa": "yes",
        "payment:visa_debit": "yes",
        "phone": "+34 932320288",
        "rooms": "45",
        "stars": "4",
        "tourism": "hotel",
        "website": "http://www.eurostarsgaudi.com",
        "wheelchair": "yes",
        "@geometry": "center",
        "nearest_route_m": 68.1,
        "nearby_routes_count": 1,
        "closeness_score": 0.9319,
        "variety_score": 0.25,
        "running_accessibility_score": 79.55,
        "running_category": "Good"
      },
      "geometry": {
        "type": "Point",
        "coordinates": [
          2.1786668,
          41.400561
        ]
      },
      "id": "way/481247944"
    },
    {
      "type": "Feature",
      "properties": {
        "@id": "way/505094383",
        "building": "yes",
        "building:levels": "22",
        "height": "88",
        "name": "AC Barcelona",
        "name:ca": "AC Hotel by Marriott Barcelona Forum",
        "name:en": "AC Hotel by Marriott Barcelona Forum",
        "name:es": "AC Hotel by Marriott Barcelona Forum",
        "opening_hours": "24/7",
        "tourism": "hotel",
        "website": "http://marriott.com",
        "wikidata": "Q5911148",
        "wikimedia_commons": "Category:AC Hotel Barcelona Forum",
        "wikipedia": "en:Hotel AC Barcelona",
        "@geometry": "center",
        "nearest_route_m": 126.57,
        "nearby_routes_count": 2,
        "closeness_score": 0.8734,
        "variety_score": 0.5,
        "running_accessibility_score": 79.87,
        "running_category": "Good"
      },
      "geometry": {
        "type": "Point",
        "coordinates": [
          2.2187265,
          41.410063
        ]
      },
      "id": "way/505094383"
    },
    {
      "type": "Feature",
      "properties": {
        "@id": "node/536686095",
        "addr:city": "Barcelona",
        "addr:housenumber": "40",
        "addr:street": "Carrer del Roser",
        "name": "Hostal Barcelona",
        "tourism": "hotel",
        "wikidata": "Q111125502",
        "nearest_route_m": 1064.07,
        "nearby_routes_count": 0,
        "closeness_score": 0.0,
        "variety_score": 0.0,
        "running_accessibility_score": 0.0,
        "running_category": "Very poor"
      },
      "geometry": {
        "type": "Point",
        "coordinates": [
          2.1661693,
          41.3728426
        ]
      },
      "id": "node/536686095"
    },
    {
      "type": "Feature",
      "properties": {
        "@id": "way/555978683",
        "addr:housenumber": "19",
        "addr:postcode": "08003",
        "addr:street": "Carrer del Rec Comtal",
        "bar": "yes",
        "branch": "Barcelona",
        "brand": "NN Hotels",
        "building": "hotel",
        "email": "hotelrec@nnhotels.com",
        "name": "Hotel Rec Barcelona - Adults Only",
        "name:ca": "Hotel REC",
        "name:en": "Hotel REC",
        "name:es": "Hotel REC",
        "operator": "Núñez i Navarro",
        "phone": "+34 935 569 960",
        "rooms": "99",
        "swimming_pool": "above",
        "tourism": "hotel",
        "website": "https://www.hotelrecbarcelona.com",
        "@geometry": "center",
        "nearest_route_m": 1075.66,
        "nearby_routes_count": 0,
        "closeness_score": 0.0,
        "variety_score": 0.0,
        "running_accessibility_score": 0.0,
        "running_category": "Very poor"
      },
      "geometry": {
        "type": "Point",
        "coordinates": [
          2.179792,
          41.3901459
        ]
      },
      "id": "way/555978683"
    },
    {
      "type": "Feature",
      "properties": {
        "@id": "way/643968480",
        "building": "hotel",
        "building:levels": "5",
        "email": "pedralbes@sansihotels.com",
        "name": "Sansi Pedralbes",
        "note": "H ****",
        "phone": "+34 93 206 3880",
        "tourism": "hotel",
        "website": "http://www.sansihotels.com",
        "wheelchair": "yes",
        "@geometry": "center",
        "nearest_route_m": 22.95,
        "nearby_routes_count": 3,
        "closeness_score": 0.9771,
        "variety_score": 0.75,
        "running_accessibility_score": 93.16,
        "running_category": "Excellent"
      },
      "geometry": {
        "type": "Point",
        "coordinates": [
          2.1116252,
          41.3934448
        ]
      },
      "id": "way/643968480"
    },
    {
      "type": "Feature",
      "properties": {
        "@id": "way/644459519",
        "addr:city": "Barcelona",
        "addr:housenumber": "4",
        "addr:postcode": "08028",
        "addr:street": "Plaça de Pius XII",
        "air_conditioning": "yes",
        "bar": "yes",
        "brand": "Grand Hyatt",
        "brand:wikidata": "Q115794899",
        "building": "hotel",
        "building:levels": "22",
        "building:levels:underground": "4",
        "check_date": "2024-08-10",
        "contact:facebook": "GrandHyattBarcelona",
        "email": "barcelona.grand@hyatt.com",
        "internet_access": "yes",
        "internet_access:fee": "no",
        "name": "Grand Hyatt Barcelona",
        "not:brand:wikidata": "Q1425063",
        "opening_hours": "24/7",
        "operator": "Hyatt",
        "operator:wikidata": "Q1425063",
        "payment:cash": "yes",
        "payment:credit_cards": "yes",
        "payment:debit_cards": "yes",
        "payment:maestro": "yes",
        "payment:mastercard": "yes",
        "payment:visa": "yes",
        "payment:visa_debit": "yes",
        "payment:visa_electron": "yes",
        "phone": "+34 935 08 10 00",
        "reservation": "yes",
        "smoking": "outside",
        "stars": "5",
        "tourism": "hotel",
        "website": "https://www.hyatt.com/grand-hyatt/bcnub-grand-hyatt-barcelona",
        "wheelchair": "yes",
        "wikidata": "Q5911874",
        "wikipedia": "es:Grand Hyatt Barcelona",
        "@geometry": "center",
        "nearest_route_m": 122.46,
        "nearby_routes_count": 1,
        "closeness_score": 0.8775,
        "variety_score": 0.25,
        "running_accessibility_score": 75.2,
        "running_category": "Good"
      },
      "geometry": {
        "type": "Point",
        "coordinates": [
          2.1231723,
          41.3860847
        ]
      },
      "id": "way/644459519"
    },
    {
      "type": "Feature",
      "properties": {
        "@id": "way/646100173",
        "building": "retail",
        "building:levels": "10",
        "building:levels:underground": "1",
        "check_date": "2024-07-01",
        "name": "The One",
        "tourism": "hotel",
        "@geometry": "center",
        "nearest_route_m": 111.1,
        "nearby_routes_count": 1,
        "closeness_score": 0.8889,
        "variety_score": 0.25,
        "running_accessibility_score": 76.11,
        "running_category": "Good"
      },
      "geometry": {
        "type": "Point",
        "coordinates": [
          2.1629689,
          41.3962071
        ]
      },
      "id": "way/646100173"
    },
    {
      "type": "Feature",
      "properties": {
        "@id": "way/650231433",
        "building": "hotel",
        "building:levels": "10",
        "building:levels:underground": "2",
        "name": "Hotel Husa Arenas",
        "tourism": "hotel",
        "@geometry": "center",
        "nearest_route_m": 253.12,
        "nearby_routes_count": 1,
        "closeness_score": 0.7469,
        "variety_score": 0.25,
        "running_accessibility_score": 64.75,
        "running_category": "Good"
      },
      "geometry": {
        "type": "Point",
        "coordinates": [
          2.1263616,
          41.3904548
        ]
      },
      "id": "way/650231433"
    },
    {
      "type": "Feature",
      "properties": {
        "@id": "way/650740748",
        "building": "hotel",
        "building:levels": "12",
        "building:levels:underground": "3",
        "designation": "5 stars G.L.",
        "name": "Majestic Hotel & Spa",
        "stars": "5",
        "tourism": "hotel",
        "website": "https://www.hotelmajestic.es/",
        "wikidata": "Q615575",
        "wikimedia_commons": "Category:Hotel Majestic (Barcelona)",
        "wikipedia": "ca:Hotel Majestic (Barcelona)",
        "@geometry": "center",
        "nearest_route_m": 406.65,
        "nearby_routes_count": 1,
        "closeness_score": 0.5933,
        "variety_score": 0.25,
        "running_accessibility_score": 52.47,
        "running_category": "Acceptable"
      },
      "geometry": {
        "type": "Point",
        "coordinates": [
          2.1640883,
          41.393682
        ]
      },
      "id": "way/650740748"
    },
    {
      "type": "Feature",
      "properties": {
        "@id": "way/651779949",
        "addr:city": "Barcelona",
        "addr:postcode": "08005",
        "brand": "Holiday Inn",
        "brand:wikidata": "Q2717882",
        "building": "retail",
        "building:levels": "7",
        "building:levels:underground": "2",
        "name": "Holiday Inn",
        "operator": "Holiday Inn",
        "toilets:wheelchair": "yes",
        "tourism": "hotel",
        "wheelchair": "yes",
        "@geometry": "center",
        "nearest_route_m": 448.67,
        "nearby_routes_count": 1,
        "closeness_score": 0.5513,
        "variety_score": 0.25,
        "running_accessibility_score": 49.11,
        "running_category": "Acceptable"
      },
      "geometry": {
        "type": "Point",
        "coordinates": [
          2.1976981,
          41.4017276
        ]
      },
      "id": "way/651779949"
    },
    {
      "type": "Feature",
      "properties": {
        "@id": "way/652889847",
        "addr:city": "Barcelona",
        "addr:housenumber": "207-211",
        "addr:postcode": "08028",
        "addr:street": "Carrer de Joan Güell",
        "alt_name": "Aparthotel Atenea",
        "building": "hotel",
        "building:levels": "9",
        "building:levels:underground": "5",
        "check_date": "2024-09-07",
        "email": "atenea@cityhotels.es",
        "name": "Aparthotel Atenea Barcelona",
        "name:ca": "Hotel Atenea",
        "phone": "+34 934 906 640",
        "smoking": "no",
        "tourism": "hotel",
        "website": "https://www.aparthotelatenea.com",
        "wikidata": "Q55655387",
        "@geometry": "center",
        "nearest_route_m": 278.75,
        "nearby_routes_count": 1,
        "closeness_score": 0.7213,
        "variety_score": 0.25,
        "running_accessibility_score": 62.7,
        "running_category": "Good"
      },
      "geometry": {
        "type": "Point",
        "coordinates": [
          2.1291278,
          41.3861001
        ]
      },
      "id": "way/652889847"
    },
    {
      "type": "Feature",
      "properties": {
        "@id": "way/652896201",
        "addr:housenumber": "589",
        "addr:postcode": "08014",
        "addr:street": "Avinguda Diagonal",
        "brand": "Hilton",
        "brand:wikidata": "Q598884",
        "building": "hotel",
        "building:levels": "12",
        "building:levels:underground": "5",
        "contact:facebook": "https://www.facebook.com/pages/Hilton-Barcelona/130487063700181",
        "contact:instagram": "https://www.instagram.com/hiltonbarcelonaHotel/",
        "contact:twitter": "https://twitter.com/HiltonBarcelona",
        "email": "guest@hiltonbarcelona.com",
        "internet_access": "wlan",
        "internet_access:fee": "no",
        "name": "Hilton Barcelona",
        "operator": "Hilton",
        "phone": "+34934957777",
        "rooms": "290",
        "smoking": "no",
        "stars": "4",
        "start_date": "1990-03",
        "tourism": "hotel",
        "website": "https://www.hilton.com/en/hotels/bcnhitw-hilton-barcelona/",
        "wheelchair": "yes",
        "wikidata": "Q55347999",
        "wikimedia_commons": "Category:Hilton Barcelona (Avinguda Diagonal 589)",
        "wikipedia": "en:Hilton Barcelona",
        "@geometry": "center",
        "nearest_route_m": 70.86,
        "nearby_routes_count": 1,
        "closeness_score": 0.9291,
        "variety_score": 0.25,
        "running_accessibility_score": 79.33,
        "running_category": "Good"
      },
      "geometry": {
        "type": "Point",
        "coordinates": [
          2.1315596,
          41.3886867
        ]
      },
      "id": "way/652896201"
    },
    {
      "type": "Feature",
      "properties": {
        "@id": "way/653574057",
        "name": "SB Icaria Barcelona",
        "tourism": "hotel",
        "website": "https://www.hotelicariabarcelona.com/en/",
        "wikidata": "Q111389586",
        "@geometry": "center",
        "nearest_route_m": 403.09,
        "nearby_routes_count": 1,
        "closeness_score": 0.5969,
        "variety_score": 0.25,
        "running_accessibility_score": 52.75,
        "running_category": "Acceptable"
      },
      "geometry": {
        "type": "Point",
        "coordinates": [
          2.1991089,
          41.393731
        ]
      },
      "id": "way/653574057"
    },
    {
      "type": "Feature",
      "properties": {
        "@id": "way/653590450",
        "addr:housenumber": "69",
        "addr:postcode": "08029",
        "addr:street": "Carrer de Deu i Mata",
        "building": "hotel",
        "building:levels": "9",
        "building:levels:underground": "4",
        "check_date": "2025-04-29",
        "name": "Hotel NH Constança",
        "tourism": "hotel",
        "@geometry": "center",
        "nearest_route_m": 164.32,
        "nearby_routes_count": 1,
        "closeness_score": 0.8357,
        "variety_score": 0.25,
        "running_accessibility_score": 71.85,
        "running_category": "Good"
      },
      "geometry": {
        "type": "Point",
        "coordinates": [
          2.1361587,
          41.3889569
        ]
      },
      "id": "way/653590450"
    },
    {
      "type": "Feature",
      "properties": {
        "@id": "way/663452534",
        "air_conditioning": "yes",
        "building": "hotel",
        "building:levels": "7",
        "name": "Hotel Laumon",
        "tourism": "hotel",
        "@geometry": "center",
        "nearest_route_m": 1995.77,
        "nearby_routes_count": 0,
        "closeness_score": 0.0,
        "variety_score": 0.0,
        "running_accessibility_score": 0.0,
        "running_category": "Very poor"
      },
      "geometry": {
        "type": "Point",
        "coordinates": [
          2.1906568,
          41.4231692
        ]
      },
      "id": "way/663452534"
    },
    {
      "type": "Feature",
      "properties": {
        "@id": "way/666259517",
        "addr:city": "l'Hospitalet de Llobregat",
        "addr:housenumber": "383",
        "addr:postcode": "08028",
        "addr:street": "Carrer de Sants",
        "building": "hotel",
        "email": "reservas.arya@hotelmadanis.com",
        "name": "Arya Stadium Hotel 3 by Madanis",
        "phone": "+34 93 131 75 00",
        "tourism": "hotel",
        "website": "https://www.aryastadiumhotel.com",
        "@geometry": "center",
        "nearest_route_m": 1292.1,
        "nearby_routes_count": 0,
        "closeness_score": 0.0,
        "variety_score": 0.0,
        "running_accessibility_score": 0.0,
        "running_category": "Very poor"
      },
      "geometry": {
        "type": "Point",
        "coordinates": [
          2.1248767,
          41.3754055
        ]
      },
      "id": "way/666259517"
    },
    {
      "type": "Feature",
      "properties": {
        "@id": "way/666259518",
        "building": "yes",
        "name": "Résidence Pierre et Vacances Barcelona Sants",
        "tourism": "hotel",
        "@geometry": "center",
        "nearest_route_m": 1279.95,
        "nearby_routes_count": 0,
        "closeness_score": 0.0,
        "variety_score": 0.0,
        "running_accessibility_score": 0.0,
        "running_category": "Very poor"
      },
      "geometry": {
        "type": "Point",
        "coordinates": [
          2.1244949,
          41.3754247
        ]
      },
      "id": "way/666259518"
    },
    {
      "type": "Feature",
      "properties": {
        "@id": "way/666953823",
        "building": "hotel",
        "building:levels": "7",
        "building:levels:underground": "1",
        "description": "Hotel Duquesa’s sixteenth-century building, restored in 1850, was once home to kings and nobles and much of its original splendor remains intact today.",
        "historic": "building",
        "name": "Hotel Duquesa de Cardona",
        "stars": "4",
        "tourism": "hotel",
        "website": "https://www.hduquesadecardona.com/",
        "@geometry": "center",
        "nearest_route_m": 98.48,
        "nearby_routes_count": 1,
        "closeness_score": 0.9015,
        "variety_score": 0.25,
        "running_accessibility_score": 77.12,
        "running_category": "Good"
      },
      "geometry": {
        "type": "Point",
        "coordinates": [
          2.180417,
          41.3799172
        ]
      },
      "id": "way/666953823"
    },
    {
      "type": "Feature",
      "properties": {
        "@id": "way/666953826",
        "building": "commercial",
        "building:levels": "6",
        "building:levels:underground": "1",
        "description": "Located along Passeig de Colom on the site of Pablo Picasso’s first studio (where he painted Ciencia y Caridad in 1897), the Serras holds an important place in art history. restored façade of celebrated 19th cent Spanish architect Francesc Daniel Molina.",
        "historic": "building",
        "name": "Serras Hotel Barcelona",
        "stars": "5",
        "tourism": "hotel",
        "website": "https://serrashotel.com",
        "wikidata": "Q111389569",
        "@geometry": "center",
        "nearest_route_m": 98.71,
        "nearby_routes_count": 1,
        "closeness_score": 0.9013,
        "variety_score": 0.25,
        "running_accessibility_score": 77.1,
        "running_category": "Good"
      },
      "geometry": {
        "type": "Point",
        "coordinates": [
          2.180671,
          41.3802345
        ]
      },
      "id": "way/666953826"
    },
    {
      "type": "Feature",
      "properties": {
        "@id": "way/667230114",
        "building": "hotel",
        "building:levels": "7",
        "building:levels:underground": "2",
        "name": "Hotel Soho House",
        "stars": "4",
        "tourism": "hotel",
        "website": "https://www.sohohouse.com/houses/soho-house-barcelona",
        "wikidata": "Q131545698",
        "@geometry": "center",
        "nearest_route_m": 92.24,
        "nearby_routes_count": 1,
        "closeness_score": 0.9078,
        "variety_score": 0.25,
        "running_accessibility_score": 77.62,
        "running_category": "Good"
      },
      "geometry": {
        "type": "Point",
        "coordinates": [
          2.1793869,
          41.3785388
        ]
      },
      "id": "way/667230114"
    },
    {
      "type": "Feature",
      "properties": {
        "@id": "way/667693558",
        "building": "hotel",
        "building:levels": "12",
        "building:levels:underground": "1",
        "entrance": "yes",
        "name": "El Avenida Palace",
        "stars": "4",
        "tourism": "hotel",
        "website": "https://avenidapalace.com/",
        "wheelchair": "yes",
        "wikidata": "Q111389500",
        "wikimedia_commons": "Category:Hotel Avenida Palace (Barcelona)",
        "@geometry": "center",
        "nearest_route_m": 973.8,
        "nearby_routes_count": 1,
        "closeness_score": 0.0262,
        "variety_score": 0.25,
        "running_accessibility_score": 7.1,
        "running_category": "Very poor"
      },
      "geometry": {
        "type": "Point",
        "coordinates": [
          2.1671982,
          41.3890784
        ]
      },
      "id": "way/667693558"
    },
    {
      "type": "Feature",
      "properties": {
        "@id": "way/671811522",
        "building": "hotel",
        "building:levels": "9",
        "building:levels:underground": "1",
        "description": "El edificio del hotel es de nueva construcción y ha sido ampliado posteriormente para dotarle de mayor amplitud. De hecho, es el hotel de tres estrellas con más capacidad de la zona. Además, cuenta con seis salones.",
        "email": "montblanc@hcchotels.es",
        "internet_access": "wlan",
        "name": "HCC Montblanc",
        "operator": "HCC Hotels",
        "phone": "+34 933 435 555",
        "rooms": "157",
        "smoking": "no",
        "stars": "3",
        "tourism": "hotel",
        "website": "https://www.hcchotels.com/hcc-montblanc/",
        "wheelchair": "yes",
        "@geometry": "center",
        "nearest_route_m": 1095.41,
        "nearby_routes_count": 0,
        "closeness_score": 0.0,
        "variety_score": 0.0,
        "running_accessibility_score": 0.0,
        "running_category": "Very poor"
      },
      "geometry": {
        "type": "Point",
        "coordinates": [
          2.1733614,
          41.3876813
        ]
      },
      "id": "way/671811522"
    },
    {
      "type": "Feature",
      "properties": {
        "@id": "way/671820137",
        "air_conditioning": "yes",
        "brand": "Catalonia Hotels & Resorts",
        "brand:wikidata": "Q126180437",
        "building": "hotel",
        "building:levels": "5",
        "internet_access": "wlan",
        "name": "Catalonia Portal de l'Àngel",
        "stars": "3",
        "tourism": "hotel",
        "website": "https://www.cataloniahotels.com/es/hotel/catalonia-portal-del-angel",
        "wheelchair": "yes",
        "wikidata": "Q111389540",
        "@geometry": "center",
        "nearest_route_m": 961.5,
        "nearby_routes_count": 1,
        "closeness_score": 0.0385,
        "variety_score": 0.25,
        "running_accessibility_score": 8.08,
        "running_category": "Very poor"
      },
      "geometry": {
        "type": "Point",
        "coordinates": [
          2.1728315,
          41.3854227
        ]
      },
      "id": "way/671820137"
    },
    {
      "type": "Feature",
      "properties": {
        "@id": "node/672090818",
        "addr:street": "La Rambla",
        "description": "Narrow door and staircase from the street.",
        "name": "Hostal Las Flores Ramblas",
        "tourism": "hotel",
        "wheelchair": "no",
        "nearest_route_m": 728.51,
        "nearby_routes_count": 1,
        "closeness_score": 0.2715,
        "variety_score": 0.25,
        "running_accessibility_score": 26.72,
        "running_category": "Poor"
      },
      "geometry": {
        "type": "Point",
        "coordinates": [
          2.1727626,
          41.3813647
        ]
      },
      "id": "node/672090818"
    },
    {
      "type": "Feature",
      "properties": {
        "@id": "node/672398204",
        "check_date": "2024-07-06",
        "name": "Hotel Royal",
        "stars": "4",
        "tourism": "hotel",
        "nearest_route_m": 1054.4,
        "nearby_routes_count": 0,
        "closeness_score": 0.0,
        "variety_score": 0.0,
        "running_accessibility_score": 0.0,
        "running_category": "Very poor"
      },
      "geometry": {
        "type": "Point",
        "coordinates": [
          2.1705638,
          41.3842853
        ]
      },
      "id": "node/672398204"
    },
    {
      "type": "Feature",
      "properties": {
        "@id": "node/672892910",
        "addr:housenumber": "173",
        "addr:postcode": "08013",
        "addr:street": "Carrer de Padilla",
        "contact:email": "info@hotelglories.com",
        "contact:phone": "+34 932650808",
        "contact:website": "http://www.hotelglories.com",
        "name": "Hotel Glòries",
        "tourism": "hotel",
        "nearest_route_m": 122.49,
        "nearby_routes_count": 1,
        "closeness_score": 0.8775,
        "variety_score": 0.25,
        "running_accessibility_score": 75.2,
        "running_category": "Good"
      },
      "geometry": {
        "type": "Point",
        "coordinates": [
          2.1829564,
          41.4011223
        ]
      },
      "id": "node/672892910"
    },
    {
      "type": "Feature",
      "properties": {
        "@id": "node/673978997",
        "name": "Hosteria Grau",
        "stars": "2",
        "tourism": "hotel",
        "nearest_route_m": 1245.55,
        "nearby_routes_count": 0,
        "closeness_score": 0.0,
        "variety_score": 0.0,
        "running_accessibility_score": 0.0,
        "running_category": "Very poor"
      },
      "geometry": {
        "type": "Point",
        "coordinates": [
          2.1681611,
          41.3846255
        ]
      },
      "id": "node/673978997"
    },
    {
      "type": "Feature",
      "properties": {
        "@id": "node/674096751",
        "addr:housenumber": "265",
        "addr:postcode": "08008",
        "addr:street": "Carrer del Rosselló",
        "contact:email": "reservas@hotelomm.es",
        "contact:phone": "+34 93 4454000",
        "contact:website": "http://www.hotelomm.es/",
        "name": "Hotel Sir Victor",
        "stars": "4",
        "tourism": "hotel",
        "wheelchair": "yes",
        "wikidata": "Q111389474",
        "nearest_route_m": 57.82,
        "nearby_routes_count": 1,
        "closeness_score": 0.9422,
        "variety_score": 0.25,
        "running_accessibility_score": 80.37,
        "running_category": "Excellent"
      },
      "geometry": {
        "type": "Point",
        "coordinates": [
          2.1609608,
          41.3962081
        ]
      },
      "id": "node/674096751"
    },
    {
      "type": "Feature",
      "properties": {
        "@id": "node/674141698",
        "addr:housenumber": "83",
        "addr:postcode": "08008",
        "addr:street": "Passeig de Gràcia",
        "contact:email": "info@derbyhotels.com",
        "contact:phone": "+34 933668800",
        "contact:website": "http://www.derbyhotels.es",
        "entrance": "yes",
        "fixme": "Hotel or apartments ? At entrance signed as luxe apartments",
        "name": "Hotel Suites Avenue",
        "stars": "5",
        "tourism": "hotel",
        "wheelchair": "yes",
        "wikidata": "Q111389475",
        "nearest_route_m": 281.89,
        "nearby_routes_count": 1,
        "closeness_score": 0.7181,
        "variety_score": 0.25,
        "running_accessibility_score": 62.45,
        "running_category": "Good"
      },
      "geometry": {
        "type": "Point",
        "coordinates": [
          2.16178,
          41.3942863
        ]
      },
      "id": "node/674141698"
    },
    {
      "type": "Feature",
      "properties": {
        "@id": "node/674650370",
        "addr:housenumber": "1",
        "addr:postcode": "08039",
        "addr:street": "Moll de Barcelona",
        "brand": "Eurostars Hotel Company",
        "brand:wikidata": "Q8846494",
        "contact:facebook": "https://www.facebook.com/hotelseeurostars",
        "email": "info@grandmarinahotel.com",
        "internet_access": "wlan",
        "name": "Eurostars Grand Marina Hotel",
        "name:ca": "Eurostars Grand Marina Hotel",
        "phone": "+34 936039000",
        "stars": "5",
        "tourism": "hotel",
        "website": "https://www.eurostarshotels.com/eurostars-grand-marina.html",
        "wheelchair": "yes",
        "wikidata": "Q111389559",
        "nearest_route_m": 483.4,
        "nearby_routes_count": 1,
        "closeness_score": 0.5166,
        "variety_score": 0.25,
        "running_accessibility_score": 46.33,
        "running_category": "Acceptable"
      },
      "geometry": {
        "type": "Point",
        "coordinates": [
          2.1808851,
          41.3717119
        ]
      },
      "id": "node/674650370"
    },
    {
      "type": "Feature",
      "properties": {
        "@id": "node/675181314",
        "addr:housenumber": "10",
        "addr:postcode": "08019",
        "addr:street": "Carrer de Provençals",
        "contact:phone": "+34 932665200",
        "name": "Hotel Attica 21",
        "stars": "4",
        "tourism": "hotel",
        "nearest_route_m": 396.78,
        "nearby_routes_count": 2,
        "closeness_score": 0.6032,
        "variety_score": 0.5,
        "running_accessibility_score": 58.26,
        "running_category": "Acceptable"
      },
      "geometry": {
        "type": "Point",
        "coordinates": [
          2.2118586,
          41.4051323
        ]
      },
      "id": "node/675181314"
    },
    {
      "type": "Feature",
      "properties": {
        "@id": "way/679027719",
        "air_conditioning": "yes",
        "bar": "yes",
        "building": "hotel",
        "building:levels": "6",
        "description": "Lujoso hotel boutique, situado en un edificio histórico del siglo XIX restaurado en el corazón de Barcelona. Cuenta con elegantes y confortables habitaciones totalmente renovadas, diseñadas para ofrecer el máximo bienestar a sus huéspedes.",
        "description:de": "Luxuriöses Boutiquehotel in einem restaurierten historischen Gebäude aus dem 19. Jahrhundert im Herzen von Barcelona. Jahrhundert im Herzen Barcelonas. Es verfügt über elegante und komfortable Zimmer, die komplett renoviert wurden, um den Gästen ein Maxim",
        "description:en": "Luxury boutique hotel, located in a restored 19th century historic building in the heart of Barcelona. It has elegant and comfortable rooms completely renovated, designed to offer the maximum wellbeing to its guests.",
        "image": "https://api.fishhotels.com/api/sites/c1994eab-8dde-49de-b6e2-4f5747e430ee/media-images/68701-615.jpg?cw=1429&ch=2000&cx=256&cy=0&s=xxl&w=2000&h=2799",
        "internet_access": "yes",
        "internet_access:fee": "no",
        "name": "Condes de Barcelona",
        "opening_hours": "24/7",
        "payment:cash": "yes",
        "payment:credit_cards": "yes",
        "payment:debit_cards": "yes",
        "payment:mastercard": "yes",
        "payment:visa": "yes",
        "phone": "+34 934 450 000",
        "roof:levels": "1",
        "rooms": "127",
        "smoking": "outside",
        "stars": "4",
        "tourism": "hotel",
        "website": "https://www.condesdebarcelona.com/es/",
        "wheelchair": "limited",
        "wikidata": "Q111389476",
        "@geometry": "center",
        "nearest_route_m": 385.4,
        "nearby_routes_count": 1,
        "closeness_score": 0.6146,
        "variety_score": 0.25,
        "running_accessibility_score": 54.17,
        "running_category": "Acceptable"
      },
      "geometry": {
        "type": "Point",
        "coordinates": [
          2.1624817,
          41.3934798
        ]
      },
      "id": "way/679027719"
    },
    {
      "type": "Feature",
      "properties": {
        "@id": "way/681250054",
        "building": "hotel",
        "building:levels": "6",
        "building:levels:underground": "1",
        "name": "Hotel onix liceo",
        "tourism": "hotel",
        "@geometry": "center",
        "nearest_route_m": 519.72,
        "nearby_routes_count": 1,
        "closeness_score": 0.4803,
        "variety_score": 0.25,
        "running_accessibility_score": 43.42,
        "running_category": "Acceptable"
      },
      "geometry": {
        "type": "Point",
        "coordinates": [
          2.1729548,
          41.3780866
        ]
      },
      "id": "way/681250054"
    },
    {
      "type": "Feature",
      "properties": {
        "@id": "way/681258667",
        "building": "hotel",
        "building:levels": "8",
        "name": "Hotel Catalonia Park Putxet",
        "tourism": "hotel",
        "wikidata": "Q111389434",
        "@geometry": "center",
        "nearest_route_m": 693.28,
        "nearby_routes_count": 1,
        "closeness_score": 0.3067,
        "variety_score": 0.25,
        "running_accessibility_score": 29.54,
        "running_category": "Poor"
      },
      "geometry": {
        "type": "Point",
        "coordinates": [
          2.1443515,
          41.4072776
        ]
      },
      "id": "way/681258667"
    },
    {
      "type": "Feature",
      "properties": {
        "@id": "node/691591937",
        "name": "Hotel Continental",
        "stars": "1",
        "toilets:wheelchair": "yes",
        "tourism": "hotel",
        "wheelchair": "limited",
        "wheelchair:description": "Step at entrance but overcome with assistance of the staff. Narrow doorways and elevator doors: fit my 60 cm wheelchair",
        "nearest_route_m": 1087.46,
        "nearby_routes_count": 0,
        "closeness_score": 0.0,
        "variety_score": 0.0,
        "running_accessibility_score": 0.0,
        "running_category": "Very poor"
      },
      "geometry": {
        "type": "Point",
        "coordinates": [
          2.1707068,
          41.3850332
        ]
      },
      "id": "node/691591937"
    },
    {
      "type": "Feature",
      "properties": {
        "@id": "node/698062668",
        "addr:city": "Barcelona",
        "addr:postcode": "08019",
        "addr:street": "Plaça de Llevant",
        "email": "recepcionzero@sbgrup.com",
        "fax": "+34935078001",
        "internet_access": "wlan",
        "internet_access:fee": "no",
        "name": "Hotel sb Diagonal Zero",
        "nohousenumber": "yes",
        "phone": "+34 935 07 80 00",
        "source": "Trabajo de campo",
        "stars": "4",
        "tourism": "hotel",
        "website": "https://www.hoteldiagonalzero.com/",
        "wheelchair": "yes",
        "wikidata": "Q111389600",
        "nearest_route_m": 101.73,
        "nearby_routes_count": 2,
        "closeness_score": 0.8983,
        "variety_score": 0.5,
        "running_accessibility_score": 81.86,
        "running_category": "Excellent"
      },
      "geometry": {
        "type": "Point",
        "coordinates": [
          2.2196461,
          41.4120729
        ]
      },
      "id": "node/698062668"
    },
    {
      "type": "Feature",
      "properties": {
        "@id": "node/704049114",
        "brand": "H10 Hotels",
        "brand:wikidata": "Q1562646",
        "check_date": "2024-03-13",
        "name": "H10 Catalunya Plaza",
        "stars": "3",
        "tourism": "hotel",
        "nearest_route_m": 1225.97,
        "nearby_routes_count": 0,
        "closeness_score": 0.0,
        "variety_score": 0.0,
        "running_accessibility_score": 0.0,
        "running_category": "Very poor"
      },
      "geometry": {
        "type": "Point",
        "coordinates": [
          2.1684561,
          41.3870001
        ]
      },
      "id": "node/704049114"
    },
    {
      "type": "Feature",
      "properties": {
        "@id": "node/704064994",
        "addr:housenumber": "30-32",
        "addr:postcode": "08007",
        "addr:street": "Rambla de Catalunya",
        "check_date": "2024-07-07",
        "entrance": "yes",
        "name": "Hotel Continental Palacete",
        "tourism": "hotel",
        "nearest_route_m": 864.24,
        "nearby_routes_count": 1,
        "closeness_score": 0.1358,
        "variety_score": 0.25,
        "running_accessibility_score": 15.86,
        "running_category": "Very poor"
      },
      "geometry": {
        "type": "Point",
        "coordinates": [
          2.1655726,
          41.38971
        ]
      },
      "id": "node/704064994"
    },
    {
      "type": "Feature",
      "properties": {
        "@id": "way/710571663",
        "building": "hotel",
        "height": "20",
        "name": "Hotel Best Western Hotel 54 Barceloneta",
        "phone": "+34 932250054",
        "stars": "4",
        "tourism": "hotel",
        "website": "http://www.hotel54barceloneta.com",
        "@geometry": "center",
        "nearest_route_m": 51.61,
        "nearby_routes_count": 1,
        "closeness_score": 0.9484,
        "variety_score": 0.25,
        "running_accessibility_score": 80.87,
        "running_category": "Excellent"
      },
      "geometry": {
        "type": "Point",
        "coordinates": [
          2.1888698,
          41.3770667
        ]
      },
      "id": "way/710571663"
    },
    {
      "type": "Feature",
      "properties": {
        "@id": "way/715040918",
        "building": "hotel",
        "building:levels": "8",
        "building:levels:underground": "2",
        "name": "Eurohotel Diagonal Port",
        "tourism": "hotel",
        "website": "https://www.eurohotelbarcelona.com/",
        "wheelchair": "yes",
        "@geometry": "center",
        "nearest_route_m": 305.73,
        "nearby_routes_count": 2,
        "closeness_score": 0.6943,
        "variety_score": 0.5,
        "running_accessibility_score": 65.54,
        "running_category": "Good"
      },
      "geometry": {
        "type": "Point",
        "coordinates": [
          2.2088684,
          41.4006885
        ]
      },
      "id": "way/715040918"
    },
    {
      "type": "Feature",
      "properties": {
        "@id": "way/715057870",
        "air_conditioning": "yes",
        "building": "hotel",
        "building:levels": "9",
        "building:levels:underground": "1",
        "internet_access": "wlan",
        "name": "Catalonia Barcelona Beach",
        "roof:shape": "flat",
        "tourism": "hotel",
        "wheelchair": "yes",
        "wikidata": "Q111389592",
        "@geometry": "center",
        "nearest_route_m": 270.45,
        "nearby_routes_count": 2,
        "closeness_score": 0.7295,
        "variety_score": 0.5,
        "running_accessibility_score": 68.36,
        "running_category": "Good"
      },
      "geometry": {
        "type": "Point",
        "coordinates": [
          2.2100945,
          41.4015335
        ]
      },
      "id": "way/715057870"
    },
    {
      "type": "Feature",
      "properties": {
        "@id": "way/753142380",
        "addr:street": "Carrer de Llull",
        "air_conditioning": "yes",
        "building": "yes",
        "check_date": "2024-05-25",
        "internet_access": "wlan",
        "internet_access:fee": "customers",
        "name": "Hotel Paxton",
        "panoramax": "7ee150a8-e327-40f1-ac58-5a8885c2fef6",
        "panoramax:0": "b65cdc42-000a-49ad-aad6-5b0e8eec3a22",
        "payment:american_express": "yes",
        "payment:cash": "yes",
        "payment:mastercard": "yes",
        "payment:visa": "yes",
        "payment:visa_debit": "yes",
        "reservation": "yes",
        "stars": "4",
        "tourism": "hotel",
        "wheelchair": "yes",
        "wikidata": "Q112011995",
        "@geometry": "center",
        "nearest_route_m": 746.08,
        "nearby_routes_count": 2,
        "closeness_score": 0.2539,
        "variety_score": 0.5,
        "running_accessibility_score": 30.31,
        "running_category": "Poor"
      },
      "geometry": {
        "type": "Point",
        "coordinates": [
          2.2003382,
          41.3993572
        ]
      },
      "id": "way/753142380"
    },
    {
      "type": "Feature",
      "properties": {
        "@id": "way/760780517",
        "building": "hotel",
        "building:levels": "9",
        "building:levels:underground": "2",
        "name": "Hotel Albéniz",
        "tourism": "hotel",
        "@geometry": "center",
        "nearest_route_m": 547.65,
        "nearby_routes_count": 1,
        "closeness_score": 0.4523,
        "variety_score": 0.25,
        "running_accessibility_score": 41.19,
        "running_category": "Acceptable"
      },
      "geometry": {
        "type": "Point",
        "coordinates": [
          2.1857749,
          41.4081934
        ]
      },
      "id": "way/760780517"
    },
    {
      "type": "Feature",
      "properties": {
        "@id": "node/765796223",
        "name": "AC Marriott Victoria Suites",
        "tourism": "hotel",
        "nearest_route_m": 272.4,
        "nearby_routes_count": 2,
        "closeness_score": 0.7276,
        "variety_score": 0.5,
        "running_accessibility_score": 68.21,
        "running_category": "Good"
      },
      "geometry": {
        "type": "Point",
        "coordinates": [
          2.1212331,
          41.3893464
        ]
      },
      "id": "node/765796223"
    },
    {
      "type": "Feature",
      "properties": {
        "@id": "node/813331259",
        "addr:city": "Barcelona",
        "addr:housenumber": "8,10,12",
        "addr:street": "Carrer de la Junta del Comerç",
        "brand": "Leonardo Hotels",
        "brand:wikidata": "Q1819101",
        "brand:wikipedia": "de:Leonardo Hotels",
        "internet_access": "wlan",
        "internet_access:fee": "no",
        "name": "Leonardo Hotel Las Ramblas",
        "name:ca": "Leonardo Hotel La Rambla",
        "name:es": "Leonardo Hotel Las Ramblas",
        "operator": "Leonardo Hotels",
        "stars": "3",
        "tourism": "hotel",
        "website": "https://www.leonardo-hotels.de/leonardo-hotel-barcelona-las-ramblas",
        "nearest_route_m": 770.54,
        "nearby_routes_count": 1,
        "closeness_score": 0.2295,
        "variety_score": 0.25,
        "running_accessibility_score": 23.36,
        "running_category": "Poor"
      },
      "geometry": {
        "type": "Point",
        "coordinates": [
          2.1710093,
          41.380051
        ]
      },
      "id": "node/813331259"
    },
    {
      "type": "Feature",
      "properties": {
        "@id": "way/814238072",
        "brand": "Autograph Collection",
        "brand:wikidata": "Q19872869",
        "brand:wikipedia": "en:Autograph Collection",
        "building": "hotel",
        "building:levels": "9",
        "building:levels:underground": "1",
        "description": "Cotton House is in the former headquarters of the Association of Cotton House Manufacturers. The iconic building is in every way representative of the XIX century, a period which has marked the spirit and culture of Barcelona.",
        "historic": "building",
        "name": "Cotton House Hotel, Autograph Collection",
        "phone": "+34934505045",
        "rooms": "83",
        "tourism": "hotel",
        "website": "https://www.marriott.com/hotels/travel/bcnak-cotton-house-hotel-autograph-collection",
        "wikidata": "Q111389541",
        "@geometry": "center",
        "nearest_route_m": 825.78,
        "nearby_routes_count": 1,
        "closeness_score": 0.1742,
        "variety_score": 0.25,
        "running_accessibility_score": 18.94,
        "running_category": "Very poor"
      },
      "geometry": {
        "type": "Point",
        "coordinates": [
          2.1719081,
          41.3916679
        ]
      },
      "id": "way/814238072"
    },
    {
      "type": "Feature",
      "properties": {
        "@id": "way/818069396",
        "building": "hotel",
        "building:levels": "8",
        "building:levels:underground": "1",
        "email": "INFO@MUSIKBOUTIQUEHOTEL.COM",
        "name": "Musik Boutique Hotel",
        "phone": "+34 932 22 55 44",
        "tourism": "hotel",
        "website": "https://www.musikboutiquehotel.com",
        "wikidata": "Q47166677",
        "wikimedia_commons": "Category:Sant Pere Més Baix 62",
        "wikipedia": "ca:Casa Viura",
        "@geometry": "center",
        "nearest_route_m": 880.58,
        "nearby_routes_count": 1,
        "closeness_score": 0.1194,
        "variety_score": 0.25,
        "running_accessibility_score": 14.55,
        "running_category": "Very poor"
      },
      "geometry": {
        "type": "Point",
        "coordinates": [
          2.178442,
          41.3879413
        ]
      },
      "id": "way/818069396"
    },
    {
      "type": "Feature",
      "properties": {
        "@id": "way/818498498",
        "building": "hotel",
        "building:levels": "7",
        "building:levels:underground": "3",
        "name": "Hotel Barcelona Catedral",
        "stars": "4",
        "tourism": "hotel",
        "wikidata": "Q111389552",
        "@geometry": "center",
        "nearest_route_m": 768.21,
        "nearby_routes_count": 1,
        "closeness_score": 0.2318,
        "variety_score": 0.25,
        "running_accessibility_score": 23.54,
        "running_category": "Poor"
      },
      "geometry": {
        "type": "Point",
        "coordinates": [
          2.1752301,
          41.3848966
        ]
      },
      "id": "way/818498498"
    },
    {
      "type": "Feature",
      "properties": {
        "@id": "node/819552810",
        "addr:city": "Barcelona",
        "addr:housenumber": "656",
        "addr:street": "Gran Via de les Corts Catalanes",
        "check_date": "2025-03-19",
        "name": "Atrium Palace",
        "tourism": "hotel",
        "nearest_route_m": 873.75,
        "nearby_routes_count": 1,
        "closeness_score": 0.1262,
        "variety_score": 0.25,
        "running_accessibility_score": 15.1,
        "running_category": "Very poor"
      },
      "geometry": {
        "type": "Point",
        "coordinates": [
          2.1706621,
          41.3908992
        ]
      },
      "id": "node/819552810"
    },
    {
      "type": "Feature",
      "properties": {
        "@id": "node/820938971",
        "addr:housenumber": "12",
        "addr:postcode": "08002",
        "addr:street": "Plaça de l'Àngel",
        "check_date": "2023-04-28",
        "name": "Hotel Suizo",
        "source": "survey",
        "tourism": "hotel",
        "nearest_route_m": 496.61,
        "nearby_routes_count": 1,
        "closeness_score": 0.5034,
        "variety_score": 0.25,
        "running_accessibility_score": 45.27,
        "running_category": "Acceptable"
      },
      "geometry": {
        "type": "Point",
        "coordinates": [
          2.1782779,
          41.3837596
        ]
      },
      "id": "node/820938971"
    },
    {
      "type": "Feature",
      "properties": {
        "@id": "way/821877586",
        "air_conditioning": "yes",
        "bar": "no",
        "brand": "Ciutat Hotels",
        "building": "hotel",
        "building:levels": "6",
        "contact:facebook": "https://www.facebook.com/CiutatHotels",
        "description": "Located next to Boqueria Market and Las Ramblas, the Apartments Ciutat Vella offer classic accommodation in modern apartments with free Wi-Fi, kitchen, fridge, left-luggage office, solarium terrace in the upper floor...",
        "email": "info@apartamentsciutatvella.es",
        "image": "https://www.aptmsciutatvella.com/cache/a9/8b/a98be875a748bf40b4922ea4b970f3b9.jpg",
        "internet_access": "yes",
        "internet_access:fee": "no",
        "name": "Apartaments Ciutat Vella",
        "opening_hours": "24/7",
        "operator": "FONDESE",
        "payment:credit_cards": "yes",
        "payment:debit_cards": "yes",
        "payment:mastercard": "yes",
        "payment:visa": "yes",
        "phone": "+34 933017884",
        "reservation": "yes",
        "smoking": "outside",
        "source": "survey;www.aptmsciutatvella.com",
        "stars": "3",
        "tourism": "hotel",
        "website": "https://www.aptmsciutatvella.com",
        "wheelchair": "yes",
        "@geometry": "center",
        "nearest_route_m": 755.16,
        "nearby_routes_count": 1,
        "closeness_score": 0.2448,
        "variety_score": 0.25,
        "running_accessibility_score": 24.59,
        "running_category": "Poor"
      },
      "geometry": {
        "type": "Point",
        "coordinates": [
          2.173133,
          41.3822822
        ]
      },
      "id": "way/821877586"
    },
    {
      "type": "Feature",
      "properties": {
        "@id": "node/824310260",
        "addr:housenumber": "57-59",
        "addr:postcode": "08001",
        "addr:street": "Avinguda del Paral·lel",
        "brand": "Affiliated by Meliá",
        "check_date": "2023-04-26",
        "name": "INNSiDE by Meliá Barcelona Apolo",
        "name:ca": "Hotel Innside",
        "old_name": "Tryp Apolo Barcelona",
        "operator": "Meliá Hotels International",
        "phone": "+34 934431122",
        "stars": "4",
        "tourism": "hotel",
        "website": "https://www.melia.com/es/hoteles/espana/barcelona/hotel-barcelona-apolo-by-melia",
        "wheelchair": "yes",
        "wikidata": "Q111389492",
        "nearest_route_m": 649.46,
        "nearby_routes_count": 1,
        "closeness_score": 0.3505,
        "variety_score": 0.25,
        "running_accessibility_score": 33.04,
        "running_category": "Poor"
      },
      "geometry": {
        "type": "Point",
        "coordinates": [
          2.1706835,
          41.3746695
        ]
      },
      "id": "node/824310260"
    },
    {
      "type": "Feature",
      "properties": {
        "@id": "node/824313214",
        "name": "Auto Hogar",
        "tourism": "hotel",
        "nearest_route_m": 798.7,
        "nearby_routes_count": 1,
        "closeness_score": 0.2013,
        "variety_score": 0.25,
        "running_accessibility_score": 21.1,
        "running_category": "Poor"
      },
      "geometry": {
        "type": "Point",
        "coordinates": [
          2.1688148,
          41.3751599
        ]
      },
      "id": "node/824313214"
    },
    {
      "type": "Feature",
      "properties": {
        "@id": "node/824993418",
        "addr:city": "Barcelona",
        "addr:housenumber": "111",
        "addr:postcode": "08001",
        "addr:street": "La Rambla",
        "brand": "Le Méridien",
        "brand:wikidata": "Q261077",
        "brand:wikipedia": "en:Le Méridien",
        "check_date": "2025-09-29",
        "email": "info.barcelona@lemeridien.com",
        "fax": "+34 933 01 77 76",
        "name": "Le Méridien Barcelona",
        "phone": "+34 933 18 62 00",
        "tourism": "hotel",
        "website": "https://www.marriott.com/hotels/travel/bcnmd-le-meridien-barcelona/?scid=bb1a189a-fec3-4d19-a255-54ba596febe2",
        "wheelchair": "yes",
        "wikidata": "Q111389526",
        "wikimedia_commons": "Category:Le Méridien Barcelona",
        "nearest_route_m": 1001.73,
        "nearby_routes_count": 0,
        "closeness_score": 0.0,
        "variety_score": 0.0,
        "running_accessibility_score": 0.0,
        "running_category": "Very poor"
      },
      "geometry": {
        "type": "Point",
        "coordinates": [
          2.1707631,
          41.3836207
        ]
      },
      "id": "node/824993418"
    },
    {
      "type": "Feature",
      "properties": {
        "@id": "way/885516192",
        "brand": "ME by Meliá",
        "brand:wikidata": "Q6715550",
        "building": "yes",
        "name": "ME Hotel",
        "tourism": "hotel",
        "@geometry": "center",
        "nearest_route_m": 1045.23,
        "nearby_routes_count": 0,
        "closeness_score": 0.0,
        "variety_score": 0.0,
        "running_accessibility_score": 0.0,
        "running_category": "Very poor"
      },
      "geometry": {
        "type": "Point",
        "coordinates": [
          2.1699032,
          41.3890801
        ]
      },
      "id": "way/885516192"
    },
    {
      "type": "Feature",
      "properties": {
        "@id": "way/908035012",
        "alt_name": "Hotel Vela",
        "brand": "W Hotels",
        "brand:wikidata": "Q7958488",
        "brand:wikipedia": "en:W Hotels",
        "building": "hotel",
        "check_date": "2024-04-11",
        "name": "W Barcelona",
        "name:ca": "Hotel W",
        "name:es": "Hotel W",
        "short_name": "W",
        "tourism": "hotel",
        "@geometry": "center",
        "nearest_route_m": 41.41,
        "nearby_routes_count": 1,
        "closeness_score": 0.9586,
        "variety_score": 0.25,
        "running_accessibility_score": 81.69,
        "running_category": "Excellent"
      },
      "geometry": {
        "type": "Point",
        "coordinates": [
          2.190049,
          41.3687233
        ]
      },
      "id": "way/908035012"
    },
    {
      "type": "Feature",
      "properties": {
        "@id": "node/921135618",
        "addr:housenumber": "135",
        "addr:postcode": "08009",
        "addr:street": "Carrer de Pau Claris",
        "name": "Barcelona City Hotel(Hotel Universal)",
        "tourism": "hotel",
        "nearest_route_m": 497.02,
        "nearby_routes_count": 1,
        "closeness_score": 0.503,
        "variety_score": 0.25,
        "running_accessibility_score": 45.24,
        "running_category": "Acceptable"
      },
      "geometry": {
        "type": "Point",
        "coordinates": [
          2.1660451,
          41.3933159
        ]
      },
      "id": "node/921135618"
    },
    {
      "type": "Feature",
      "properties": {
        "@id": "way/970171188",
        "building": "hotel",
        "name": "The Wittmore",
        "stars": "5",
        "tourism": "hotel",
        "website": "https://www.thewittmore.com",
        "wikidata": "Q111872218",
        "@geometry": "center",
        "nearest_route_m": 218.54,
        "nearby_routes_count": 1,
        "closeness_score": 0.7815,
        "variety_score": 0.25,
        "running_accessibility_score": 67.52,
        "running_category": "Good"
      },
      "geometry": {
        "type": "Point",
        "coordinates": [
          2.1795844,
          41.3809652
        ]
      },
      "id": "way/970171188"
    },
    {
      "type": "Feature",
      "properties": {
        "@id": "node/983154644",
        "brand": "Grupotel Hotels & Resorts",
        "brand:wikidata": "Q126182068",
        "name": "Grupotel Gravina Hotel",
        "tourism": "hotel",
        "nearest_route_m": 1328.98,
        "nearby_routes_count": 0,
        "closeness_score": 0.0,
        "variety_score": 0.0,
        "running_accessibility_score": 0.0,
        "running_category": "Very poor"
      },
      "geometry": {
        "type": "Point",
        "coordinates": [
          2.1660268,
          41.3854111
        ]
      },
      "id": "node/983154644"
    },
    {
      "type": "Feature",
      "properties": {
        "@id": "node/983274432",
        "addr:city": "Barcelona",
        "addr:housenumber": "5-7",
        "addr:postcode": "08001",
        "addr:street": "Carrer de Gravina",
        "air_conditioning": "yes",
        "brand": "chic&basic",
        "description": "El Hotel chic&basic Reding está situado en la Calle Gravina, en pleno corazón de la ciudad de Barcelona, cerca de Plaza de Catalunya, un hotel en el Raval. Una ubicación excelente para los amantes del arte, la vida local y la cultura urbana.",
        "image": "https://www.chicandbasic.com/data/webp/big-2cbreding-habitaciondoble-twin-lateral708.jpg-cffa1ac91eb3f51b292cc4161cb0a776.webp",
        "internet_access": "wlan",
        "internet_access:fee": "no",
        "name": "chic&basic Reding Hotel",
        "opening_hours": "24/7",
        "operator": "chic&basic Hotels",
        "payment:cash": "yes",
        "payment:contactless": "yes",
        "payment:credit_cards": "yes",
        "payment:debit_cards": "yes",
        "payment:mastercard": "yes",
        "payment:visa": "yes",
        "phone": "+34 934 12 10 97",
        "reservation": "yes",
        "smoking": "outside",
        "source": "survey;local knowledge",
        "toilets:wheelchair": "yes",
        "tourism": "hotel",
        "website": "https://www.chicandbasic.com/es/hotel-reding-barcelona/",
        "wheelchair": "limited",
        "nearest_route_m": 1327.74,
        "nearby_routes_count": 0,
        "closeness_score": 0.0,
        "variety_score": 0.0,
        "running_accessibility_score": 0.0,
        "running_category": "Very poor"
      },
      "geometry": {
        "type": "Point",
        "coordinates": [
          2.1655507,
          41.3853032
        ]
      },
      "id": "node/983274432"
    },
    {
      "type": "Feature",
      "properties": {
        "@id": "node/1072835643",
        "addr:city": "Barcelona",
        "addr:housenumber": "19",
        "addr:postcode": "08002",
        "addr:street": "Plaça de Catalunya",
        "check_date": "2025-09-29",
        "name": "Olivia Plaza Hotel",
        "operator": "Olivia Hotel",
        "phone": "+34933168700",
        "smoking": "no",
        "tourism": "hotel",
        "website": "http://www.oliviaplazahotel.es",
        "wheelchair": "yes",
        "wikidata": "Q111389534",
        "nearest_route_m": 1126.51,
        "nearby_routes_count": 0,
        "closeness_score": 0.0,
        "variety_score": 0.0,
        "running_accessibility_score": 0.0,
        "running_category": "Very poor"
      },
      "geometry": {
        "type": "Point",
        "coordinates": [
          2.1711443,
          41.3862014
        ]
      },
      "id": "node/1072835643"
    },
    {
      "type": "Feature",
      "properties": {
        "@id": "way/1092631171",
        "air_conditioning": "yes",
        "brand": "NH Hotels",
        "brand:wikidata": "Q1604631",
        "building": "yes",
        "email": "nheixample@nh-hotels.com",
        "internet_access": "wlan",
        "internet_access:fee": "no",
        "name": "NH Barcelona Eixample",
        "phone": "+34 93 3236215",
        "rooms": "81",
        "stars": "3",
        "tourism": "hotel",
        "website": "https://www.nh-hotels.de/hotel/nh-barcelona-eixample",
        "wheelchair": "no",
        "@geometry": "center",
        "nearest_route_m": 935.71,
        "nearby_routes_count": 1,
        "closeness_score": 0.0643,
        "variety_score": 0.25,
        "running_accessibility_score": 10.14,
        "running_category": "Very poor"
      },
      "geometry": {
        "type": "Point",
        "coordinates": [
          2.1541091,
          41.3861483
        ]
      },
      "id": "way/1092631171"
    },
    {
      "type": "Feature",
      "properties": {
        "@id": "way/1103783042",
        "brand": "Barceló",
        "building": "yes",
        "name": "Hotel Occidental Barcelona 1929",
        "phone": "+34 936268844",
        "tourism": "hotel",
        "website": "https://www.barcelo.com/es-es/occidental-barcelona-1929",
        "wheelchair": "yes",
        "@geometry": "center",
        "nearest_route_m": 1884.98,
        "nearby_routes_count": 0,
        "closeness_score": 0.0,
        "variety_score": 0.0,
        "running_accessibility_score": 0.0,
        "running_category": "Very poor"
      },
      "geometry": {
        "type": "Point",
        "coordinates": [
          2.1476425,
          41.3755067
        ]
      },
      "id": "way/1103783042"
    },
    {
      "type": "Feature",
      "properties": {
        "@id": "way/1104109694",
        "branch": "Barcelona Fira",
        "brand": "Leonardo Boutique",
        "brand:wikidata": "Q1819101",
        "brand:wikipedia": "de:Leonardo Hotels",
        "building": "hotel",
        "contact:email": "reservations.barcelona@leonardo-hotels.com",
        "contact:phone": "+34 934814935",
        "internet_access": "wlan",
        "internet_access:fee": "customers",
        "name": "Leonardo Royal Hotel",
        "rooms": "204",
        "tourism": "hotel",
        "@geometry": "center",
        "nearest_route_m": 3562.59,
        "nearby_routes_count": 0,
        "closeness_score": 0.0,
        "variety_score": 0.0,
        "running_accessibility_score": 0.0,
        "running_category": "Very poor"
      },
      "geometry": {
        "type": "Point",
        "coordinates": [
          2.1385871,
          41.3572954
        ]
      },
      "id": "way/1104109694"
    },
    {
      "type": "Feature",
      "properties": {
        "@id": "node/1154463668",
        "name": "Front Maritim",
        "tourism": "hotel",
        "wikidata": "Q111389597",
        "nearest_route_m": 175.92,
        "nearby_routes_count": 2,
        "closeness_score": 0.8241,
        "variety_score": 0.5,
        "running_accessibility_score": 75.93,
        "running_category": "Good"
      },
      "geometry": {
        "type": "Point",
        "coordinates": [
          2.2138028,
          41.4037749
        ]
      },
      "id": "node/1154463668"
    },
    {
      "type": "Feature",
      "properties": {
        "@id": "way/1160074351",
        "air_conditioning": "yes",
        "bar": "yes",
        "branch": "La Casa Del Sol - Gràcia",
        "brand": "Sonder",
        "brand:wikidata": "Q96419376",
        "building": "hotel",
        "check_date": "2024-02-28",
        "check_in": "16:00",
        "check_out": "11:00",
        "description": "La Casa Del Sol: Hotel boutique en Gràcia. Edificio histórico restaurado con diseño minimalista y encanto histórico con una terraza en la azotea.",
        "dog": "no",
        "elevator": "yes",
        "name": "Hotel La Casa Del Sol",
        "parking": "no",
        "pets": "no",
        "smoking": "no",
        "stars": "3",
        "tourism": "hotel",
        "website": "https://www.sonder.com/",
        "wheelchair": "no",
        "@geometry": "center",
        "nearest_route_m": 600.76,
        "nearby_routes_count": 1,
        "closeness_score": 0.3992,
        "variety_score": 0.25,
        "running_accessibility_score": 36.94,
        "running_category": "Poor"
      },
      "geometry": {
        "type": "Point",
        "coordinates": [
          2.1564872,
          41.4013371
        ]
      },
      "id": "way/1160074351"
    },
    {
      "type": "Feature",
      "properties": {
        "@id": "node/1193524889",
        "name": "Atenea Calabria",
        "tourism": "hotel",
        "nearest_route_m": 1458.93,
        "nearby_routes_count": 0,
        "closeness_score": 0.0,
        "variety_score": 0.0,
        "running_accessibility_score": 0.0,
        "running_category": "Very poor"
      },
      "geometry": {
        "type": "Point",
        "coordinates": [
          2.1531619,
          41.3809414
        ]
      },
      "id": "node/1193524889"
    },
    {
      "type": "Feature",
      "properties": {
        "@id": "way/1196779775",
        "air_conditioning": "yes",
        "bar": "yes",
        "brand": "InterContinental",
        "brand:wikidata": "Q1825730",
        "brand:wikipedia": "en:InterContinental",
        "building": "commercial",
        "check_date": "2024-05-25",
        "internet_access": "wlan",
        "internet_access:fee": "customers",
        "name": "InterContinental Barcelona",
        "payment:contactless": "yes",
        "phone": "+34 93 4262223",
        "rooms": "273",
        "smoking": "outside",
        "stars": "5",
        "tourism": "hotel",
        "website": "https://barcelona.intercontinental.com",
        "wheelchair": "yes",
        "wikidata": "Q111872179",
        "@geometry": "center",
        "nearest_route_m": 1995.15,
        "nearby_routes_count": 0,
        "closeness_score": 0.0,
        "variety_score": 0.0,
        "running_accessibility_score": 0.0,
        "running_category": "Very poor"
      },
      "geometry": {
        "type": "Point",
        "coordinates": [
          2.1548334,
          41.3725793
        ]
      },
      "id": "way/1196779775"
    },
    {
      "type": "Feature",
      "properties": {
        "@id": "way/1218596263",
        "building": "yes",
        "email": "reservas@eurostarsangli.com",
        "internet_access": "wlan",
        "internet_access:fee": "no",
        "name": "Ikonik Anglí",
        "phone": "+34 93 206 99 44",
        "stars": "4",
        "tourism": "hotel",
        "website": "http://www.eurostarsangli.com/CA/hotel.html",
        "wikidata": "Q111409042",
        "@geometry": "center",
        "nearest_route_m": 206.91,
        "nearby_routes_count": 1,
        "closeness_score": 0.7931,
        "variety_score": 0.25,
        "running_accessibility_score": 68.45,
        "running_category": "Good"
      },
      "geometry": {
        "type": "Point",
        "coordinates": [
          2.1233496,
          41.403233
        ]
      },
      "id": "way/1218596263"
    },
    {
      "type": "Feature",
      "properties": {
        "@id": "node/1223692092",
        "addr:housenumber": "23-25",
        "addr:street": "Rocafort",
        "bicycle:rental": "yes",
        "description": "*** hotel",
        "level": "7",
        "name": "Evenia Rocafort",
        "phone": "+34 902 02 15 06",
        "tourism": "hotel",
        "website": "https://www.eveniahotels.com/",
        "wheelchair": "yes",
        "nearest_route_m": 1772.3,
        "nearby_routes_count": 0,
        "closeness_score": 0.0,
        "variety_score": 0.0,
        "running_accessibility_score": 0.0,
        "running_category": "Very poor"
      },
      "geometry": {
        "type": "Point",
        "coordinates": [
          2.1571681,
          41.3762298
        ]
      },
      "id": "node/1223692092"
    },
    {
      "type": "Feature",
      "properties": {
        "@id": "way/1227398530",
        "building": "yes",
        "name": "LabTwentytwo",
        "tourism": "hotel",
        "@geometry": "center",
        "nearest_route_m": 327.85,
        "nearby_routes_count": 1,
        "closeness_score": 0.6722,
        "variety_score": 0.25,
        "running_accessibility_score": 58.77,
        "running_category": "Acceptable"
      },
      "geometry": {
        "type": "Point",
        "coordinates": [
          2.1972413,
          41.4089857
        ]
      },
      "id": "way/1227398530"
    },
    {
      "type": "Feature",
      "properties": {
        "@id": "node/1231242161",
        "addr:city": "Barcelona",
        "air_conditioning": "yes",
        "lgbtq": "primary",
        "name": "AXEL Hotel",
        "rooftop": "yes",
        "stars": "4",
        "tourism": "hotel",
        "website": "https://www.axelhotels.com/en/axel-hotel-barcelona/hotel",
        "wikidata": "Q4034646",
        "wikipedia": "en:Axel Hotels",
        "nearest_route_m": 973.03,
        "nearby_routes_count": 1,
        "closeness_score": 0.027,
        "variety_score": 0.25,
        "running_accessibility_score": 7.16,
        "running_category": "Very poor"
      },
      "geometry": {
        "type": "Point",
        "coordinates": [
          2.1604124,
          41.3873794
        ]
      },
      "id": "node/1231242161"
    },
    {
      "type": "Feature",
      "properties": {
        "@id": "node/1307755891",
        "addr:city": "Barcelona",
        "addr:housenumber": "322-324",
        "addr:street": "Gran Via de les Corts Catalanes",
        "entrance": "yes",
        "name": "Ayre Hotel Gran Via",
        "phone": "+34 933 67 55 00",
        "tourism": "hotel",
        "wikidata": "Q111389420",
        "nearest_route_m": 2102.66,
        "nearby_routes_count": 0,
        "closeness_score": 0.0,
        "variety_score": 0.0,
        "running_accessibility_score": 0.0,
        "running_category": "Very poor"
      },
      "geometry": {
        "type": "Point",
        "coordinates": [
          2.1473387,
          41.373363
        ]
      },
      "id": "node/1307755891"
    },
    {
      "type": "Feature",
      "properties": {
        "@id": "node/1309602319",
        "addr:housenumber": "19",
        "addr:postcode": "08002",
        "addr:street": "Carrer de la Boqueria",
        "email": "hingles@hotelingles.net",
        "fax": "+34933023338",
        "internet_access": "wlan",
        "internet_access:fee": "no",
        "name": "Hotel Inglés",
        "phone": "+34933173770",
        "stars": "1",
        "tourism": "hotel",
        "website": "http://www.hotelingles.net/",
        "nearest_route_m": 654.7,
        "nearby_routes_count": 1,
        "closeness_score": 0.3453,
        "variety_score": 0.25,
        "running_accessibility_score": 32.62,
        "running_category": "Poor"
      },
      "geometry": {
        "type": "Point",
        "coordinates": [
          2.1738688,
          41.3814535
        ]
      },
      "id": "node/1309602319"
    },
    {
      "type": "Feature",
      "properties": {
        "@id": "way/1353145652",
        "addr:city": "Barcelona",
        "addr:housenumber": "32",
        "addr:postcode": "08010",
        "addr:street": "Ronda de Sant Pere",
        "air_conditioning": "yes",
        "bar": "yes",
        "brand": "Vincci Hoteles",
        "building": "yes",
        "building:levels": "7",
        "contact:facebook": "https://www.facebook.com/VincciGala/",
        "email": "gala@vinccihoteles.com",
        "internet_access": "wlan",
        "internet_access:fee": "no",
        "name": "Vincci Gala",
        "opening_hours": "24/7",
        "operator": "Vincci Hoteles",
        "payment:american_express": "yes",
        "payment:cash": "yes",
        "payment:credit_cards": "yes",
        "payment:maestro": "yes",
        "payment:mastercard": "yes",
        "payment:visa": "yes",
        "payment:visa_electron": "yes",
        "phone": "+34 935 083 200",
        "reservation": "yes",
        "rooms": "78",
        "smoking": "no",
        "stars": "4",
        "tourism": "hotel",
        "website": "https://www.vinccigala.com/",
        "wheelchair": "yes",
        "wikidata": "Q111389557",
        "@geometry": "center",
        "nearest_route_m": 1133.34,
        "nearby_routes_count": 0,
        "closeness_score": 0.0,
        "variety_score": 0.0,
        "running_accessibility_score": 0.0,
        "running_category": "Very poor"
      },
      "geometry": {
        "type": "Point",
        "coordinates": [
          2.174758,
          41.3894638
        ]
      },
      "id": "way/1353145652"
    },
    {
      "type": "Feature",
      "properties": {
        "@id": "node/1374340447",
        "addr:city": "Barcelona",
        "addr:housenumber": "30",
        "addr:postcode": "08001",
        "addr:street": "Carrer de Jerusalem",
        "email": "info@lapalmerabcn.com",
        "name": "Hostal la Palmera",
        "phone": "+34 93 667 02 48",
        "stars": "2",
        "tourism": "hotel",
        "website": "https://www.lapalmerabcn.com/",
        "nearest_route_m": 904.88,
        "nearby_routes_count": 1,
        "closeness_score": 0.0951,
        "variety_score": 0.25,
        "running_accessibility_score": 12.61,
        "running_category": "Very poor"
      },
      "geometry": {
        "type": "Point",
        "coordinates": [
          2.1707337,
          41.3819104
        ]
      },
      "id": "node/1374340447"
    },
    {
      "type": "Feature",
      "properties": {
        "@id": "node/1374631955",
        "addr:city": "Barcelona",
        "addr:housenumber": "454",
        "addr:postcode": "08015",
        "addr:street": "Gran Via de les Corts Catalanes",
        "entrance": "yes",
        "name": "Aparthotel Eric Vökel Gran Vía Suites",
        "smoking": "no",
        "tourism": "hotel",
        "website": "https://www.ericvokel.com/",
        "nearest_route_m": 1716.79,
        "nearby_routes_count": 0,
        "closeness_score": 0.0,
        "variety_score": 0.0,
        "running_accessibility_score": 0.0,
        "running_category": "Very poor"
      },
      "geometry": {
        "type": "Point",
        "coordinates": [
          2.1547217,
          41.3788851
        ]
      },
      "id": "node/1374631955"
    },
    {
      "type": "Feature",
      "properties": {
        "@id": "node/1386884268",
        "designation": "3 stars",
        "name": "Hotel Denit",
        "source": "www.denit.com",
        "tourism": "hotel",
        "wheelchair": "yes",
        "wikidata": "Q112011991",
        "nearest_route_m": 1110.5,
        "nearby_routes_count": 0,
        "closeness_score": 0.0,
        "variety_score": 0.0,
        "running_accessibility_score": 0.0,
        "running_category": "Very poor"
      },
      "geometry": {
        "type": "Point",
        "coordinates": [
          2.1723258,
          41.3870752
        ]
      },
      "id": "node/1386884268"
    },
    {
      "type": "Feature",
      "properties": {
        "@id": "node/1417833791",
        "internet_access": "yes",
        "internet_access:fee": "yes",
        "name": "Casual Colours Barcelona",
        "name:en": "Casual Colours",
        "operator": "Medium Hoteles",
        "tourism": "hotel",
        "website": "https://www.mediumhoteles.com/",
        "nearest_route_m": 331.07,
        "nearby_routes_count": 1,
        "closeness_score": 0.6689,
        "variety_score": 0.25,
        "running_accessibility_score": 58.51,
        "running_category": "Acceptable"
      },
      "geometry": {
        "type": "Point",
        "coordinates": [
          2.1429632,
          41.3890859
        ]
      },
      "id": "node/1417833791"
    },
    {
      "type": "Feature",
      "properties": {
        "@id": "way/1421713936",
        "addr:city": "Barcelona",
        "addr:housenumber": "42",
        "addr:postcode": "08003",
        "addr:street": "Via Laietana",
        "air_conditioning": "yes",
        "bar": "yes",
        "brand": "ILUNION Hotels",
        "building": "yes",
        "contact:facebook": "https://www.facebook.com/pages/Hotel/Ilunion/Almirante",
        "description": "The Hotel ILUNION Almirante is a 4-star hotel in Via Laietana with modern rooms, bar, breakfast, free Wi-Fi, pet friendly, full access to handicapped guests, meeting rooms, gym, working areas...",
        "email": "recepcionalmirante@ilunionhotels.com",
        "internet_access": "yes",
        "internet_access:fee": "no",
        "layer": "1",
        "name": "Hotel ILUNION Almirante",
        "opening_hours": "24/7",
        "operator": "ILUNION Hotels",
        "payment:cash": "yes",
        "payment:credit_cards": "yes",
        "payment:debit_cards": "yes",
        "phone": "+34 932 68 30 20",
        "reservation": "yes",
        "rooms": "86",
        "smoking": "outside",
        "stars": "4",
        "tourism": "hotel",
        "website": "https://www.ilunionhotels.com/hoteles/ilunion-almirante",
        "wheelchair": "yes",
        "wikidata": "Q135646255",
        "@geometry": "center",
        "nearest_route_m": 790.85,
        "nearby_routes_count": 1,
        "closeness_score": 0.2091,
        "variety_score": 0.25,
        "running_accessibility_score": 21.73,
        "running_category": "Poor"
      },
      "geometry": {
        "type": "Point",
        "coordinates": [
          2.1763807,
          41.3860313
        ]
      },
      "id": "way/1421713936"
    },
    {
      "type": "Feature",
      "properties": {
        "@id": "way/1421725958",
        "addr:city": "Barcelona",
        "addr:housenumber": "166",
        "addr:postcode": "08013",
        "addr:street": "Carrer de Sicília",
        "air_conditioning": "yes",
        "bar": "yes",
        "brand": "ILUNION Hotels",
        "building": "hotel",
        "contact:facebook": "https://www.facebook.com/pages/Ilunion-Auditori-Hotels-Barcelona",
        "description": "Located in the Eixample of Barcelona, the ILUNION Auditori is a 3-star hotel with full access to handicapped guests, comfort rooms, pet friendly, comfortable rooms, free wifi, restaurant, meeting rooms, gym, restaurant with breakfast and terrace.",
        "email": "reservasauditori@ilunionhotels.com",
        "internet_access": "yes",
        "internet_access:fee": "no",
        "name": "Hotel ILUNION Auditori",
        "opening_hours": "24/7",
        "operator": "ILUNION Hotels",
        "payment:cash": "yes",
        "payment:credit_cards": "yes",
        "payment:debit_cards": "yes",
        "phone": "+34 932437600",
        "reservation": "yes",
        "rooms": "108",
        "smoking": "outside",
        "stars": "3",
        "tourism": "hotel",
        "website": "https://www.ilunionhotels.com/hoteles/ilunion-auditori",
        "wheelchair": "yes",
        "wikidata": "Q135728494",
        "@geometry": "center",
        "nearest_route_m": 620.99,
        "nearby_routes_count": 1,
        "closeness_score": 0.379,
        "variety_score": 0.25,
        "running_accessibility_score": 35.32,
        "running_category": "Poor"
      },
      "geometry": {
        "type": "Point",
        "coordinates": [
          2.1813205,
          41.3959779
        ]
      },
      "id": "way/1421725958"
    },
    {
      "type": "Feature",
      "properties": {
        "@id": "way/1421728112",
        "addr:city": "Barcelona",
        "addr:housenumber": "406",
        "addr:postcode": "08025",
        "addr:street": "Carrer de Lepant",
        "air_conditioning": "yes",
        "bar": "yes",
        "brand": "ILUNION Hotels",
        "building": "yes",
        "description": "Located close to the Park Güell of Barcelona, the ILUNION Bel Art is a 4-star hotel with full access to handicapped guests, art déco, comfort rooms, pet friendly, modern rooms, free wifi, restaurant, meeting rooms, working area, bar...",
        "email": "reservasbelart@ilunionhotels.com",
        "internet_access": "yes",
        "internet_access:fee": "no",
        "layer": "1",
        "name": "Hotel ILUNION Bel Art",
        "opening_hours": "24/7",
        "operator": "ILUNION Hotels",
        "payment:cash": "yes",
        "payment:credit_cards": "yes",
        "payment:debit_cards": "yes",
        "phone": "+34 934 33 54 40",
        "reservation": "yes",
        "rooms": "94",
        "smoking": "outside",
        "stars": "4",
        "tourism": "hotel",
        "website": "https://www.ilunionhotels.com/hoteles/ilunion-bel-art",
        "wheelchair": "yes",
        "wikidata": "Q111872213",
        "@geometry": "center",
        "nearest_route_m": 1188.78,
        "nearby_routes_count": 0,
        "closeness_score": 0.0,
        "variety_score": 0.0,
        "running_accessibility_score": 0.0,
        "running_category": "Very poor"
      },
      "geometry": {
        "type": "Point",
        "coordinates": [
          2.1695902,
          41.4102149
        ]
      },
      "id": "way/1421728112"
    },
    {
      "type": "Feature",
      "properties": {
        "@id": "node/1428867665",
        "addr:city": "Barcelona",
        "addr:housenumber": "570",
        "addr:postcode": "08021",
        "addr:street": "Avinguda Diagonal",
        "internet_access": "wlan",
        "name": "Hesperia Presidente",
        "operator": "Hesperia, a part of NH hoteles",
        "phone": "+34 932002111",
        "stars": "4",
        "tourism": "hotel",
        "website": "https://www.nh-hoteles.es/",
        "wikidata": "Q111389439",
        "nearest_route_m": 40.23,
        "nearby_routes_count": 1,
        "closeness_score": 0.9598,
        "variety_score": 0.25,
        "running_accessibility_score": 81.78,
        "running_category": "Excellent"
      },
      "geometry": {
        "type": "Point",
        "coordinates": [
          2.1489633,
          41.3941217
        ]
      },
      "id": "node/1428867665"
    },
    {
      "type": "Feature",
      "properties": {
        "@id": "node/1434058713",
        "addr:housenumber": "102",
        "addr:postcode": "08008",
        "addr:street": "Passeig de Gràcia",
        "check_date": "2025-05-28",
        "contact:email": "hotelpdg@terra.es",
        "contact:phone": "+34 932155828",
        "entrance": "yes",
        "name": "Hotel Paseo de Gracia",
        "name:ca": "Hotel Passeig de Gràcia",
        "name:es": "Hotel Paseo de Gracia",
        "stars": "3",
        "tourism": "hotel",
        "website": "https://www.hotelpaseodegracia.es/",
        "wheelchair": "yes",
        "nearest_route_m": 95.35,
        "nearby_routes_count": 1,
        "closeness_score": 0.9047,
        "variety_score": 0.25,
        "running_accessibility_score": 77.37,
        "running_category": "Good"
      },
      "geometry": {
        "type": "Point",
        "coordinates": [
          2.1609782,
          41.3958561
        ]
      },
      "id": "node/1434058713"
    },
    {
      "type": "Feature",
      "properties": {
        "@id": "node/1474078091",
        "addr:city": "Barcelona",
        "addr:housenumber": "216",
        "addr:postcode": "08008",
        "addr:street": "Carrer de Mallorca",
        "internet_access": "wlan",
        "name": "Hotel Balmes",
        "old_name": "Hotel Barcelona Center",
        "operator": "Derby Hotels",
        "phone": "+34 93 451 19 14",
        "rooms": "111",
        "stars": "4",
        "tourism": "hotel",
        "website": "https://www.derbyhotels.com/en/hotels/balmes-hotel/",
        "nearest_route_m": 552.75,
        "nearby_routes_count": 1,
        "closeness_score": 0.4472,
        "variety_score": 0.25,
        "running_accessibility_score": 40.78,
        "running_category": "Acceptable"
      },
      "geometry": {
        "type": "Point",
        "coordinates": [
          2.1593029,
          41.3910913
        ]
      },
      "id": "node/1474078091"
    },
    {
      "type": "Feature",
      "properties": {
        "@id": "node/1474078097",
        "addr:city": "Barcelona",
        "addr:housenumber": "83",
        "addr:postcode": "08008",
        "addr:street": "Carrer d'Enric Granados",
        "fax": "+34 93 492 96 90",
        "name": "Hotel Granados 83",
        "operator": "Derby Hotels",
        "phone": "+34 93 492 96 70",
        "stars": "4",
        "tourism": "hotel",
        "website": "http://www.derbyhotels.com/es/hotel-granados-83/",
        "wikidata": "Q111389460",
        "nearest_route_m": 409.51,
        "nearby_routes_count": 1,
        "closeness_score": 0.5905,
        "variety_score": 0.25,
        "running_accessibility_score": 52.24,
        "running_category": "Acceptable"
      },
      "geometry": {
        "type": "Point",
        "coordinates": [
          2.156787,
          41.3918188
        ]
      },
      "id": "node/1474078097"
    },
    {
      "type": "Feature",
      "properties": {
        "@id": "node/1474078098",
        "addr:city": "Barcelona",
        "addr:housenumber": "205",
        "addr:postcode": "08008",
        "addr:street": "Carrer del Rosselló",
        "description": "Boutique hotel in Barcelona City Center.",
        "email": "emma@room-matehotels.com",
        "fax": "+34 932 385 005",
        "internet_access": "yes",
        "internet_access:fee": "no",
        "name": "Allegro Barcelona",
        "operator": "Room Mate",
        "phone": "+34 932 385 606",
        "stars": "3",
        "tourism": "hotel",
        "website": "https://room-matehotels.com/en/emma/",
        "wheelchair": "yes",
        "wikidata": "Q111389459",
        "nearest_route_m": 305.61,
        "nearby_routes_count": 1,
        "closeness_score": 0.6944,
        "variety_score": 0.25,
        "running_accessibility_score": 60.55,
        "running_category": "Good"
      },
      "geometry": {
        "type": "Point",
        "coordinates": [
          2.156347,
          41.3926948
        ]
      },
      "id": "node/1474078098"
    },
    {
      "type": "Feature",
      "properties": {
        "@id": "node/1490209369",
        "addr:city": "Barcelona",
        "addr:housenumber": "21",
        "addr:street": "Roger de",
        "brand": "Petit Palace Hotelity",
        "brand:wikidata": "Q125472094",
        "contact:website": "http://www.barcelonapetitpalacebcn.com",
        "internet_access": "wlan",
        "internet_access:fee": "no",
        "name": "ICON Bcn",
        "stars": "4",
        "tourism": "hotel",
        "nearest_route_m": 883.54,
        "nearby_routes_count": 1,
        "closeness_score": 0.1165,
        "variety_score": 0.25,
        "running_accessibility_score": 14.32,
        "running_category": "Very poor"
      },
      "geometry": {
        "type": "Point",
        "coordinates": [
          2.1714195,
          41.3909966
        ]
      },
      "id": "node/1490209369"
    },
    {
      "type": "Feature",
      "properties": {
        "@id": "node/1575500554",
        "air_conditioning": "yes",
        "bar": "yes",
        "check_date": "2023-04-26",
        "name": "Hotel Concordia",
        "stars": "4",
        "tourism": "hotel",
        "wikidata": "Q111389456",
        "nearest_route_m": 1463.31,
        "nearby_routes_count": 0,
        "closeness_score": 0.0,
        "variety_score": 0.0,
        "running_accessibility_score": 0.0,
        "running_category": "Very poor"
      },
      "geometry": {
        "type": "Point",
        "coordinates": [
          2.1608854,
          41.37476
        ]
      },
      "id": "node/1575500554"
    },
    {
      "type": "Feature",
      "properties": {
        "@id": "node/1576997688",
        "addr:housenumber": "13",
        "addr:street": "Carrer de Casanova",
        "check_date": "2025-09-14",
        "internet_access": "wlan",
        "internet_access:fee": "no",
        "name": "Hostal Centric",
        "tourism": "hotel",
        "website": "https://www.hostalcentric.com/",
        "nearest_route_m": 1518.42,
        "nearby_routes_count": 0,
        "closeness_score": 0.0,
        "variety_score": 0.0,
        "running_accessibility_score": 0.0,
        "running_category": "Very poor"
      },
      "geometry": {
        "type": "Point",
        "coordinates": [
          2.1625078,
          41.3824536
        ]
      },
      "id": "node/1576997688"
    },
    {
      "type": "Feature",
      "properties": {
        "@id": "node/1591951065",
        "addr:housenumber": "11-13",
        "addr:street": "Carrer de Ballester",
        "name": "Hostal Ramos",
        "tourism": "hotel",
        "nearest_route_m": 796.79,
        "nearby_routes_count": 1,
        "closeness_score": 0.2032,
        "variety_score": 0.25,
        "running_accessibility_score": 21.26,
        "running_category": "Poor"
      },
      "geometry": {
        "type": "Point",
        "coordinates": [
          2.1447934,
          41.4060153
        ]
      },
      "id": "node/1591951065"
    },
    {
      "type": "Feature",
      "properties": {
        "@id": "node/1636935328",
        "name": "Hotel Catalonia Plaça Catalunya",
        "stars": "4",
        "tourism": "hotel",
        "nearest_route_m": 1290.07,
        "nearby_routes_count": 0,
        "closeness_score": 0.0,
        "variety_score": 0.0,
        "running_accessibility_score": 0.0,
        "running_category": "Very poor"
      },
      "geometry": {
        "type": "Point",
        "coordinates": [
          2.1681968,
          41.3863262
        ]
      },
      "id": "node/1636935328"
    },
    {
      "type": "Feature",
      "properties": {
        "@id": "node/1636988219",
        "name": "Hotel Ginebra",
        "stars": "1",
        "tourism": "hotel",
        "website": "https://hotelginebra.com.es/es/hotel/",
        "nearest_route_m": 1168.83,
        "nearby_routes_count": 0,
        "closeness_score": 0.0,
        "variety_score": 0.0,
        "running_accessibility_score": 0.0,
        "running_category": "Very poor"
      },
      "geometry": {
        "type": "Point",
        "coordinates": [
          2.1680369,
          41.3874373
        ]
      },
      "id": "node/1636988219"
    },
    {
      "type": "Feature",
      "properties": {
        "@id": "node/1654457782",
        "addr:city": "Barcelona",
        "addr:housenumber": "83",
        "addr:postcode": "08008",
        "addr:street": "Carrer de Provença",
        "check_date": "2024-08-06",
        "fax": "+34 93 487 25 18",
        "name": "Hotel América Barcelona",
        "phone": "+34 93 487 62 92",
        "stars": "4",
        "tourism": "hotel",
        "website": "https://www.hotelamericabarcelona.com/",
        "wikidata": "Q111662158",
        "nearest_route_m": 421.81,
        "nearby_routes_count": 1,
        "closeness_score": 0.5782,
        "variety_score": 0.25,
        "running_accessibility_score": 51.26,
        "running_category": "Acceptable"
      },
      "geometry": {
        "type": "Point",
        "coordinates": [
          2.1573697,
          41.3918486
        ]
      },
      "id": "node/1654457782"
    },
    {
      "type": "Feature",
      "properties": {
        "@id": "node/1672212505",
        "addr:housenumber": "16",
        "addr:street": "Carrer d'Avinyó",
        "brand": "Catalonia Hotels & Resorts",
        "brand:wikidata": "Q126180437",
        "name": "Catalonia Avinyó",
        "tourism": "hotel",
        "nearest_route_m": 456.84,
        "nearby_routes_count": 1,
        "closeness_score": 0.5432,
        "variety_score": 0.25,
        "running_accessibility_score": 48.45,
        "running_category": "Acceptable"
      },
      "geometry": {
        "type": "Point",
        "coordinates": [
          2.176401,
          41.3811573
        ]
      },
      "id": "node/1672212505"
    },
    {
      "type": "Feature",
      "properties": {
        "@id": "node/1673414652",
        "addr:housenumber": "63",
        "addr:postcode": "08006",
        "addr:street": "Via Augusta",
        "internet_access": "wlan",
        "name": "Hotel Via Augusta",
        "name:ca": "Via Augusta",
        "stars": "2",
        "tourism": "hotel",
        "website": "http://hotelviaaugusta.com",
        "wikidata": "Q111125489",
        "nearest_route_m": 593.47,
        "nearby_routes_count": 1,
        "closeness_score": 0.4065,
        "variety_score": 0.25,
        "running_accessibility_score": 37.52,
        "running_category": "Poor"
      },
      "geometry": {
        "type": "Point",
        "coordinates": [
          2.1515004,
          41.4000137
        ]
      },
      "id": "node/1673414652"
    },
    {
      "type": "Feature",
      "properties": {
        "@id": "node/1677723371",
        "addr:city": "Barcelona",
        "addr:housenumber": "150-152",
        "addr:postcode": "08028",
        "addr:street": "Travessera de les Corts",
        "check_date": "2025-09-16",
        "name": "NH Barcelona Stadium",
        "operator": "NH",
        "smoking": "isolated",
        "tourism": "hotel",
        "wikidata": "Q111389406",
        "nearest_route_m": 715.9,
        "nearby_routes_count": 1,
        "closeness_score": 0.2841,
        "variety_score": 0.25,
        "running_accessibility_score": 27.73,
        "running_category": "Poor"
      },
      "geometry": {
        "type": "Point",
        "coordinates": [
          2.1271459,
          41.3814493
        ]
      },
      "id": "node/1677723371"
    },
    {
      "type": "Feature",
      "properties": {
        "@id": "node/1681460715",
        "addr:city": "Barcelona",
        "addr:housenumber": "11",
        "addr:postcode": "08003",
        "addr:street": "Avinguda del Marquès de l'Argentera",
        "name": "Park Hotel Barcelona",
        "stars": "3",
        "toilets:wheelchair": "yes",
        "tourism": "hotel",
        "website": "https://parkhotelbarcelona.com/",
        "wheelchair": "yes",
        "wikidata": "Q47170780",
        "wikimedia_commons": "Category:Hotel Park (Barcelona)",
        "wikipedia": "ca:Hotel Park",
        "nearest_route_m": 374.22,
        "nearby_routes_count": 1,
        "closeness_score": 0.6258,
        "variety_score": 0.25,
        "running_accessibility_score": 55.06,
        "running_category": "Acceptable"
      },
      "geometry": {
        "type": "Point",
        "coordinates": [
          2.1843645,
          41.3842359
        ]
      },
      "id": "node/1681460715"
    },
    {
      "type": "Feature",
      "properties": {
        "@id": "node/1722117636",
        "addr:city": "Barcelona",
        "addr:housenumber": "390",
        "addr:postcode": "08025",
        "addr:street": "Carrer del Rosselló",
        "alt_name": "Sercotel Rosellón",
        "email": "rosellon@ayrehoteles.com",
        "internet_access": "yes",
        "internet_access:fee": "no",
        "name": "Ayre Hotel Rosellón",
        "phone": "+34 936009200",
        "tourism": "hotel",
        "website": "https://www.ayrehoteles.com/en/hotels/ayre-hotel-rosellon-barcelona/the-hotel/home/",
        "wikidata": "Q111389568",
        "nearest_route_m": 524.69,
        "nearby_routes_count": 1,
        "closeness_score": 0.4753,
        "variety_score": 0.25,
        "running_accessibility_score": 43.03,
        "running_category": "Acceptable"
      },
      "geometry": {
        "type": "Point",
        "coordinates": [
          2.1728228,
          41.4047213
        ]
      },
      "id": "node/1722117636"
    },
    {
      "type": "Feature",
      "properties": {
        "@id": "node/1768777958",
        "addr:city": "Barcelona",
        "addr:housenumber": "173",
        "addr:postcode": "08041",
        "addr:street": "Carrer de Sant Antoni Maria Claret",
        "email": "hotelsantpau@hotelsantpau.com",
        "fax": "+34 934 33 51 51",
        "internet_access": "wlan",
        "internet_access:fee": "no",
        "name": "Hotel Sant Pau",
        "phone": "+34 934 33 51 51",
        "stars": "2",
        "tourism": "hotel",
        "website": "https://www.hotelsantpau.com",
        "nearest_route_m": 1371.65,
        "nearby_routes_count": 0,
        "closeness_score": 0.0,
        "variety_score": 0.0,
        "running_accessibility_score": 0.0,
        "running_category": "Very poor"
      },
      "geometry": {
        "type": "Point",
        "coordinates": [
          2.1776964,
          41.4139882
        ]
      },
      "id": "node/1768777958"
    },
    {
      "type": "Feature",
      "properties": {
        "@id": "node/1786955026",
        "addr:city": "Barcelona",
        "addr:housenumber": "678",
        "addr:street": "Gran Via de les Corts Catalanes",
        "brand": "Grupotel Hotels & Resorts",
        "brand:wikidata": "Q126182068",
        "email": "granvia678@grupotel.com",
        "entrance": "yes",
        "internet_access": "wlan",
        "internet_access:fee": "no",
        "name": "Grupotel Gran Via 678",
        "operator": "Grupotel",
        "phone": "+34 93 192 45 60",
        "stars": "4",
        "tourism": "hotel",
        "website": "https://grupotel.com/en/hotels/barcelona/barcelona/gran-via-678",
        "wikidata": "Q111389553",
        "nearest_route_m": 764.26,
        "nearby_routes_count": 1,
        "closeness_score": 0.2357,
        "variety_score": 0.25,
        "running_accessibility_score": 23.86,
        "running_category": "Poor"
      },
      "geometry": {
        "type": "Point",
        "coordinates": [
          2.1727542,
          41.3924648
        ]
      },
      "id": "node/1786955026"
    },
    {
      "type": "Feature",
      "properties": {
        "@id": "node/1870096318",
        "name": "Hotel Jazz",
        "source": "own knowledge",
        "stars": "3",
        "toilets:wheelchair": "yes",
        "tourism": "hotel",
        "wheelchair": "limited",
        "nearest_route_m": 1254.31,
        "nearby_routes_count": 0,
        "closeness_score": 0.0,
        "variety_score": 0.0,
        "running_accessibility_score": 0.0,
        "running_category": "Very poor"
      },
      "geometry": {
        "type": "Point",
        "coordinates": [
          2.1657768,
          41.3860573
        ]
      },
      "id": "node/1870096318"
    },
    {
      "type": "Feature",
      "properties": {
        "@id": "node/1954922383",
        "addr:city": "Barcelona",
        "addr:housenumber": "264",
        "addr:postcode": "08007",
        "addr:street": "Carrer de la Diputació",
        "description": "Alójate en el centro de Barcelona en un hotel que ha sido catalogado como edificio de interés histórico-artístico. Completamente reformado, con modernos servicios y en un entorno señorial que te encantará.",
        "email": "stmoritz@hcchotels.es",
        "internet_access": "wlan",
        "name": "HCC St. Moritz",
        "operator": "HCC Hotels",
        "phone": "+34 934 121 500",
        "rooms": "91",
        "smoking": "no",
        "stars": "4S",
        "tourism": "hotel",
        "website": "https://www.hcchotels.com/hcc-st-moritz/",
        "wheelchair": "yes",
        "wikidata": "Q111389509",
        "nearest_route_m": 789.19,
        "nearby_routes_count": 1,
        "closeness_score": 0.2108,
        "variety_score": 0.25,
        "running_accessibility_score": 21.86,
        "running_category": "Poor"
      },
      "geometry": {
        "type": "Point",
        "coordinates": [
          2.1682549,
          41.391097
        ]
      },
      "id": "node/1954922383"
    },
    {
      "type": "Feature",
      "properties": {
        "@id": "node/1958654612",
        "designation": "4 stars",
        "name": "Murmuri Residence Concepció",
        "source": "www.murmuri.com",
        "tourism": "hotel",
        "nearest_route_m": 228.81,
        "nearby_routes_count": 1,
        "closeness_score": 0.7712,
        "variety_score": 0.25,
        "running_accessibility_score": 66.7,
        "running_category": "Good"
      },
      "geometry": {
        "type": "Point",
        "coordinates": [
          2.1598783,
          41.3943122
        ]
      },
      "id": "node/1958654612"
    },
    {
      "type": "Feature",
      "properties": {
        "@id": "node/1980989583",
        "check_date": "2024-08-06",
        "name": "Hotel U232",
        "tourism": "hotel",
        "wikidata": "Q111389432",
        "nearest_route_m": 444.21,
        "nearby_routes_count": 1,
        "closeness_score": 0.5558,
        "variety_score": 0.25,
        "running_accessibility_score": 49.46,
        "running_category": "Acceptable"
      },
      "geometry": {
        "type": "Point",
        "coordinates": [
          2.1490319,
          41.3895385
        ]
      },
      "id": "node/1980989583"
    },
    {
      "type": "Feature",
      "properties": {
        "@id": "node/2012518228",
        "addr:housenumber": "476",
        "addr:postcode": "08013",
        "addr:street": "Carrer del Consell de Cent",
        "contact:email": "santantoni@smhoteles.com",
        "contact:fax": "+34 932659290",
        "contact:phone": "+34 932444415",
        "designation": "Hotel Sant Antoni ****",
        "name": "SM Hotel Sant Antoni",
        "tourism": "hotel",
        "website": "https://www.hotelbcnsantantoni.com/",
        "nearest_route_m": 126.3,
        "nearby_routes_count": 1,
        "closeness_score": 0.8737,
        "variety_score": 0.25,
        "running_accessibility_score": 74.9,
        "running_category": "Good"
      },
      "geometry": {
        "type": "Point",
        "coordinates": [
          2.1775408,
          41.3997255
        ]
      },
      "id": "node/2012518228"
    },
    {
      "type": "Feature",
      "properties": {
        "@id": "node/2012525633",
        "addr:housenumber": "444",
        "addr:street": "C Consell de Cent",
        "alt_name": "Hotel Best Aranea",
        "check_date": "2024-09-25",
        "name": "Hotel Aranea",
        "stars": "3",
        "tourism": "hotel",
        "nearest_route_m": 225.86,
        "nearby_routes_count": 1,
        "closeness_score": 0.7741,
        "variety_score": 0.25,
        "running_accessibility_score": 66.93,
        "running_category": "Good"
      },
      "geometry": {
        "type": "Point",
        "coordinates": [
          2.1757625,
          41.3983332
        ]
      },
      "id": "node/2012525633"
    },
    {
      "type": "Feature",
      "properties": {
        "@id": "node/2119915619",
        "addr:city": "Barcelona",
        "addr:housenumber": "172",
        "addr:postcode": "08015",
        "addr:street": "Avinguda del Paral·lel",
        "description": "hcc lugano es un hotel de nueva construcción que destaca por su modernidad y por sus múltiples servicios. Situado al lado de la Fira de Barcelona, también podrás acercarte a algunos de los teatros más emblemáticos de la ciudad situados en la misma avenida",
        "email": "lugano@hcchotels.es",
        "internet_access": "wlan",
        "internet_access:fee": "no",
        "name": "Arco Barcelona Hotel",
        "operator": "HCC Hotels",
        "phone": "+34 935 579 797",
        "rooms": "70",
        "smoking": "no",
        "stars": "3",
        "tourism": "hotel",
        "website": "https://www.hcchotels.com/hcc-lugano/",
        "wheelchair": "yes",
        "nearest_route_m": 1914.08,
        "nearby_routes_count": 0,
        "closeness_score": 0.0,
        "variety_score": 0.0,
        "running_accessibility_score": 0.0,
        "running_category": "Very poor"
      },
      "geometry": {
        "type": "Point",
        "coordinates": [
          2.1554627,
          41.375256
        ]
      },
      "id": "node/2119915619"
    },
    {
      "type": "Feature",
      "properties": {
        "@id": "node/2122305589",
        "addr:city": "Barcelona",
        "addr:housenumber": "49",
        "addr:postcode": "08006",
        "addr:street": "Carrer de Guillem Tell",
        "alt_name": "Pol and Grace Hotel",
        "contact:email": "friends@polgracehotel.es",
        "internet_access": "yes",
        "name": "Pol & Grace Hotel",
        "phone": "+34 93 415 40 00",
        "stars": "4",
        "tourism": "hotel",
        "website": "https://www.polgracehotel.es/",
        "nearest_route_m": 875.13,
        "nearby_routes_count": 1,
        "closeness_score": 0.1249,
        "variety_score": 0.25,
        "running_accessibility_score": 14.99,
        "running_category": "Very poor"
      },
      "geometry": {
        "type": "Point",
        "coordinates": [
          2.1477414,
          41.4017429
        ]
      },
      "id": "node/2122305589"
    },
    {
      "type": "Feature",
      "properties": {
        "@id": "node/2122722735",
        "name": "Arc hotel Irla",
        "tourism": "hotel",
        "nearest_route_m": 256.08,
        "nearby_routes_count": 1,
        "closeness_score": 0.7439,
        "variety_score": 0.25,
        "running_accessibility_score": 64.51,
        "running_category": "Good"
      },
      "geometry": {
        "type": "Point",
        "coordinates": [
          2.1434626,
          41.3947875
        ]
      },
      "id": "node/2122722735"
    },
    {
      "type": "Feature",
      "properties": {
        "@id": "node/2165080509",
        "designation": "1 star Hotel",
        "name": "Hotel Toledano",
        "source": "http://www.hoteltoledano.com",
        "tourism": "hotel",
        "nearest_route_m": 1091.45,
        "nearby_routes_count": 0,
        "closeness_score": 0.0,
        "variety_score": 0.0,
        "running_accessibility_score": 0.0,
        "running_category": "Very poor"
      },
      "geometry": {
        "type": "Point",
        "coordinates": [
          2.170682,
          41.3850716
        ]
      },
      "id": "node/2165080509"
    },
    {
      "type": "Feature",
      "properties": {
        "@id": "node/2200457797",
        "name": "Cosmo Apartments Consell de Cent - Plaza Universitat",
        "tourism": "hotel",
        "nearest_route_m": 1160.95,
        "nearby_routes_count": 0,
        "closeness_score": 0.0,
        "variety_score": 0.0,
        "running_accessibility_score": 0.0,
        "running_category": "Very poor"
      },
      "geometry": {
        "type": "Point",
        "coordinates": [
          2.156847694426538,
          41.38469829585016
        ]
      },
      "id": "node/2200457797"
    },
    {
      "type": "Feature",
      "properties": {
        "@id": "node/2222260795",
        "brand": "Catalonia Hotels & Resorts",
        "brand:wikidata": "Q126180437",
        "check_date": "2024-10-27",
        "email": "roma@hoteles-catalonia.es",
        "internet_access": "wlan",
        "internet_access:fee": "yes",
        "name": "Catalonia Roma",
        "operator": "Hoteles Catalonia",
        "source": "survey",
        "stars": "3",
        "tourism": "hotel",
        "website": "http://www.hoteles-catalonia.es",
        "nearest_route_m": 1162.95,
        "nearby_routes_count": 0,
        "closeness_score": 0.0,
        "variety_score": 0.0,
        "running_accessibility_score": 0.0,
        "running_category": "Very poor"
      },
      "geometry": {
        "type": "Point",
        "coordinates": [
          2.1459613,
          41.3819404
        ]
      },
      "id": "node/2222260795"
    },
    {
      "type": "Feature",
      "properties": {
        "@id": "node/2241340370",
        "name": "Castro Exclusive Residences",
        "tourism": "hotel",
        "website": "http://www.castroresidences.com/",
        "nearest_route_m": 275.0,
        "nearby_routes_count": 1,
        "closeness_score": 0.725,
        "variety_score": 0.25,
        "running_accessibility_score": 63.0,
        "running_category": "Good"
      },
      "geometry": {
        "type": "Point",
        "coordinates": [
          2.1714626,
          41.4020085
        ]
      },
      "id": "node/2241340370"
    },
    {
      "type": "Feature",
      "properties": {
        "@id": "node/2246412778",
        "addr:city": "Barcelona",
        "addr:housenumber": "31",
        "addr:postcode": "08002",
        "addr:street": "Carrer Ample",
        "name": "Hesperia Barcelona Barri Gòtic",
        "tourism": "hotel",
        "website": "http://www.hesperia.es/nh/es/hoteles/espana/barcelona/hesperia-metropol.html",
        "nearest_route_m": 168.56,
        "nearby_routes_count": 1,
        "closeness_score": 0.8314,
        "variety_score": 0.25,
        "running_accessibility_score": 71.51,
        "running_category": "Good"
      },
      "geometry": {
        "type": "Point",
        "coordinates": [
          2.179865,
          41.3804476
        ]
      },
      "id": "node/2246412778"
    },
    {
      "type": "Feature",
      "properties": {
        "@id": "node/2262989602",
        "name": "Pension 45",
        "tourism": "hotel",
        "nearest_route_m": 1254.23,
        "nearby_routes_count": 0,
        "closeness_score": 0.0,
        "variety_score": 0.0,
        "running_accessibility_score": 0.0,
        "running_category": "Very poor"
      },
      "geometry": {
        "type": "Point",
        "coordinates": [
          2.168091,
          41.384689
        ]
      },
      "id": "node/2262989602"
    },
    {
      "type": "Feature",
      "properties": {
        "@id": "node/2274140936",
        "addr:city": "Barcelona",
        "addr:housenumber": "11",
        "addr:postcode": "08002",
        "addr:street": "Plaça Reial",
        "contact:email": "info@hotel-romareial.com",
        "contact:fax": "+34 933011839",
        "contact:phone": "+34 933020366",
        "contact:website": "http://www.hotel-romareial.com/",
        "name": "Roma Reial",
        "stars": "1",
        "tourism": "hotel",
        "nearest_route_m": 435.82,
        "nearby_routes_count": 1,
        "closeness_score": 0.5642,
        "variety_score": 0.25,
        "running_accessibility_score": 50.13,
        "running_category": "Acceptable"
      },
      "geometry": {
        "type": "Point",
        "coordinates": [
          2.1758452,
          41.3801084
        ]
      },
      "id": "node/2274140936"
    },
    {
      "type": "Feature",
      "properties": {
        "@id": "node/2298538153",
        "addr:city": "Barcelona",
        "addr:housenumber": "74",
        "addr:postcode": "08029",
        "addr:street": "Carrer de Numància",
        "brand": "NH Collection Hotels",
        "brand:wikidata": "Q1604631",
        "check_date": "2025-09-25",
        "internet_access": "wlan",
        "internet_access:fee": "no",
        "name": "NH Sants",
        "phone": "+34933224451",
        "tourism": "hotel",
        "wikidata": "Q111389412",
        "nearest_route_m": 670.96,
        "nearby_routes_count": 1,
        "closeness_score": 0.329,
        "variety_score": 0.25,
        "running_accessibility_score": 31.32,
        "running_category": "Poor"
      },
      "geometry": {
        "type": "Point",
        "coordinates": [
          2.1378928,
          41.3845819
        ]
      },
      "id": "node/2298538153"
    },
    {
      "type": "Feature",
      "properties": {
        "@id": "node/2324610659",
        "addr:housenumber": "19",
        "addr:postcode": "08001",
        "addr:street": "Carrer de Sant Erasme",
        "atm": "no",
        "email": "info@hotel-rondahouse.com",
        "internet_access": "wlan",
        "name": "Hotel Ronda House",
        "phone": "+34933290004",
        "tourism": "hotel",
        "website": "https://www.hotel-rondahouse.com/",
        "nearest_route_m": 1344.71,
        "nearby_routes_count": 0,
        "closeness_score": 0.0,
        "variety_score": 0.0,
        "running_accessibility_score": 0.0,
        "running_category": "Very poor"
      },
      "geometry": {
        "type": "Point",
        "coordinates": [
          2.163993,
          41.3811962
        ]
      },
      "id": "node/2324610659"
    },
    {
      "type": "Feature",
      "properties": {
        "@id": "node/2361917980",
        "name": "Hotel Sercotel Abbot",
        "tourism": "hotel",
        "nearest_route_m": 1179.55,
        "nearby_routes_count": 0,
        "closeness_score": 0.0,
        "variety_score": 0.0,
        "running_accessibility_score": 0.0,
        "running_category": "Very poor"
      },
      "geometry": {
        "type": "Point",
        "coordinates": [
          2.1449734,
          41.3815341
        ]
      },
      "id": "node/2361917980"
    },
    {
      "type": "Feature",
      "properties": {
        "@id": "node/2370016929",
        "designation": "Hostal / Pensión",
        "name": "Hostal Petit Príncep",
        "phone": "+34 932002637",
        "tourism": "hotel",
        "website": "http://www.hostalpetitprincep.com",
        "nearest_route_m": 40.94,
        "nearby_routes_count": 1,
        "closeness_score": 0.9591,
        "variety_score": 0.25,
        "running_accessibility_score": 81.72,
        "running_category": "Excellent"
      },
      "geometry": {
        "type": "Point",
        "coordinates": [
          2.1481999,
          41.3939364
        ]
      },
      "id": "node/2370016929"
    },
    {
      "type": "Feature",
      "properties": {
        "@id": "node/2370990218",
        "name": "Bypillow Mothern Barcelona",
        "tourism": "hotel",
        "website": "https://bcnurbanesssgranducat.barcelonabesthotels.com/",
        "nearest_route_m": 1129.12,
        "nearby_routes_count": 0,
        "closeness_score": 0.0,
        "variety_score": 0.0,
        "running_accessibility_score": 0.0,
        "running_category": "Very poor"
      },
      "geometry": {
        "type": "Point",
        "coordinates": [
          2.1717477,
          41.3887472
        ]
      },
      "id": "node/2370990218"
    },
    {
      "type": "Feature",
      "properties": {
        "@id": "node/2371534190",
        "addr:city": "Barcelona",
        "addr:housenumber": "325",
        "addr:postcode": "08009",
        "addr:street": "Carrer de la Diputació",
        "brand": "Praktik",
        "check_date": "2024-04-11",
        "name": "Hotel Praktik Garden",
        "tourism": "hotel",
        "nearest_route_m": 584.17,
        "nearby_routes_count": 1,
        "closeness_score": 0.4158,
        "variety_score": 0.25,
        "running_accessibility_score": 38.27,
        "running_category": "Poor"
      },
      "geometry": {
        "type": "Point",
        "coordinates": [
          2.171323,
          41.3938151
        ]
      },
      "id": "node/2371534190"
    },
    {
      "type": "Feature",
      "properties": {
        "@id": "node/2393362766",
        "name": "Sagrada Familia",
        "stars": "3",
        "tourism": "hotel",
        "website": "https://www.hotelsagradafamilia.com/",
        "nearest_route_m": 681.12,
        "nearby_routes_count": 1,
        "closeness_score": 0.3189,
        "variety_score": 0.25,
        "running_accessibility_score": 30.51,
        "running_category": "Poor"
      },
      "geometry": {
        "type": "Point",
        "coordinates": [
          2.171535,
          41.4058831
        ]
      },
      "id": "node/2393362766"
    },
    {
      "type": "Feature",
      "properties": {
        "@id": "node/2416995336",
        "addr:city": "Barcelona",
        "addr:housenumber": "10",
        "addr:postcode": "08023",
        "addr:street": "Passeig de la Mare de Déu del Coll",
        "name": "Catalonia Park Güell",
        "tourism": "hotel",
        "website": "http://cataloniaparkguell.barcelonahotels.it/index_it.html",
        "nearest_route_m": 801.9,
        "nearby_routes_count": 1,
        "closeness_score": 0.1981,
        "variety_score": 0.25,
        "running_accessibility_score": 20.85,
        "running_category": "Poor"
      },
      "geometry": {
        "type": "Point",
        "coordinates": [
          2.144842,
          41.4141911
        ]
      },
      "id": "node/2416995336"
    },
    {
      "type": "Feature",
      "properties": {
        "@id": "node/2422845632",
        "addr:city": "Barcelona",
        "addr:place": "Plaça dels Països Catalans",
        "addr:postcode": "08014",
        "brand": "Barceló Hotels & Resorts",
        "brand:wikidata": "Q15148996",
        "internet_access": "wlan",
        "internet_access:fee": "no",
        "name": "Barceló Sants",
        "name:ca": "Barceló Sants",
        "operator": "Barceló Hotels & Resorts",
        "stars": "4",
        "tourism": "hotel",
        "website": "http://www.barcelo.com/BarceloHotels/en_GB/hotels/Spain/Barcelona/hotel-barcelo-sants/general-description.aspx",
        "nearest_route_m": 1309.4,
        "nearby_routes_count": 0,
        "closeness_score": 0.0,
        "variety_score": 0.0,
        "running_accessibility_score": 0.0,
        "running_category": "Very poor"
      },
      "geometry": {
        "type": "Point",
        "coordinates": [
          2.1393317,
          41.378881
        ]
      },
      "id": "node/2422845632"
    },
    {
      "type": "Feature",
      "properties": {
        "@id": "node/2460966128",
        "addr:housenumber": "285",
        "addr:postcode": "08037",
        "addr:street": "Carrer de Mallorca",
        "entrance": "yes",
        "name": "Hostal Boutique Khronos",
        "tourism": "hotel",
        "nearest_route_m": 188.3,
        "nearby_routes_count": 1,
        "closeness_score": 0.8117,
        "variety_score": 0.25,
        "running_accessibility_score": 69.94,
        "running_category": "Good"
      },
      "geometry": {
        "type": "Point",
        "coordinates": [
          2.1653755,
          41.3960791
        ]
      },
      "id": "node/2460966128"
    },
    {
      "type": "Feature",
      "properties": {
        "@id": "node/2498831969",
        "addr:city": "Barcelona",
        "addr:housenumber": "34",
        "addr:postcode": "08004",
        "addr:street": "Carrer de Cabanes",
        "name": "Nuevo Triunfo",
        "tourism": "hotel",
        "website": "https://www.hotelnuevotriunfo.com",
        "nearest_route_m": 758.81,
        "nearby_routes_count": 1,
        "closeness_score": 0.2412,
        "variety_score": 0.25,
        "running_accessibility_score": 24.29,
        "running_category": "Poor"
      },
      "geometry": {
        "type": "Point",
        "coordinates": [
          2.1698857,
          41.3731526
        ]
      },
      "id": "node/2498831969"
    },
    {
      "type": "Feature",
      "properties": {
        "@id": "node/2610039868",
        "addr:city": "Barcelona",
        "addr:housenumber": "629",
        "addr:street": "Gran Via de les Corts Catalanes",
        "brand": "Hotel Indigo",
        "brand:wikidata": "Q5911596",
        "check_date": "2023-10-28",
        "internet_access": "wlan",
        "name": "Hotel Indigo",
        "tourism": "hotel",
        "nearest_route_m": 828.05,
        "nearby_routes_count": 1,
        "closeness_score": 0.172,
        "variety_score": 0.25,
        "running_accessibility_score": 18.76,
        "running_category": "Very poor"
      },
      "geometry": {
        "type": "Point",
        "coordinates": [
          2.17025,
          41.3912296
        ]
      },
      "id": "node/2610039868"
    },
    {
      "type": "Feature",
      "properties": {
        "@id": "node/2617962827",
        "check_date": "2024-05-24",
        "name": "Hotel Catalonia Square",
        "tourism": "hotel",
        "nearest_route_m": 1132.24,
        "nearby_routes_count": 0,
        "closeness_score": 0.0,
        "variety_score": 0.0,
        "running_accessibility_score": 0.0,
        "running_category": "Very poor"
      },
      "geometry": {
        "type": "Point",
        "coordinates": [
          2.1712563,
          41.3885941
        ]
      },
      "id": "node/2617962827"
    },
    {
      "type": "Feature",
      "properties": {
        "@id": "node/2629880614",
        "addr:housenumber": "3",
        "addr:postcode": "08003",
        "addr:street": "Via Laietana",
        "email": "reserve@gargallohotels.es",
        "fax": "+34933151439",
        "internet_access": "yes",
        "name": "Hotel Colonial",
        "name:ca": "Hotel Colonial",
        "name:he": "ברצלונה",
        "operator": "Gargallo",
        "phone": "+34933192252",
        "stars": "4",
        "toilets:wheelchair": "yes",
        "tourism": "hotel",
        "website": "https://www.hotelcolonialbarcelona.com/",
        "wheelchair": "yes",
        "wikidata": "Q111389570",
        "nearest_route_m": 240.69,
        "nearby_routes_count": 1,
        "closeness_score": 0.7593,
        "variety_score": 0.25,
        "running_accessibility_score": 65.74,
        "running_category": "Good"
      },
      "geometry": {
        "type": "Point",
        "coordinates": [
          2.1806803,
          41.3822737
        ]
      },
      "id": "node/2629880614"
    },
    {
      "type": "Feature",
      "properties": {
        "@id": "node/2629932721",
        "addr:city": "Barcelona",
        "addr:housenumber": "40",
        "addr:postcode": "08001",
        "addr:street": "Carrer Joaquín Costa",
        "name": "Acta BCN 40",
        "phone": "+34933185100",
        "source": "Ajuntament de Barcelona - CartoBCN (@2013-11-10)",
        "tourism": "hotel",
        "website": "https://www.hotel-bcn40barcelona.com/",
        "nearest_route_m": 1282.77,
        "nearby_routes_count": 0,
        "closeness_score": 0.0,
        "variety_score": 0.0,
        "running_accessibility_score": 0.0,
        "running_category": "Very poor"
      },
      "geometry": {
        "type": "Point",
        "coordinates": [
          2.1658879,
          41.3825823
        ]
      },
      "id": "node/2629932721"
    },
    {
      "type": "Feature",
      "properties": {
        "@id": "node/2629932724",
        "internet_access": "wlan",
        "name": "BCN Montjuïc",
        "stars": "3",
        "tourism": "hotel",
        "website": "http://www.bcnmontjuic.com/",
        "nearest_route_m": 2349.08,
        "nearby_routes_count": 0,
        "closeness_score": 0.0,
        "variety_score": 0.0,
        "running_accessibility_score": 0.0,
        "running_category": "Very poor"
      },
      "geometry": {
        "type": "Point",
        "coordinates": [
          2.1441553,
          41.3702217
        ]
      },
      "id": "node/2629932724"
    },
    {
      "type": "Feature",
      "properties": {
        "@id": "node/2629932730",
        "addr:city": "Barcelona",
        "addr:housenumber": "292",
        "addr:postcode": "08029",
        "addr:street": "Travessera de les Corts",
        "branch": "Les Corts",
        "building": "yes",
        "email": "nhlescorts@nh-hotels.com",
        "name": "NH Les Corts",
        "operator": "NH Hoteles",
        "phone": "+34 933220811",
        "source": "Ajuntament de Barcelona - CartoBCN (@2013-11-10)",
        "stars": "3",
        "tourism": "hotel",
        "website": "https://www.nh-hoteles.es/nh/es/hoteles/espana/barcelona/nh-les-corts.html",
        "nearest_route_m": 327.95,
        "nearby_routes_count": 1,
        "closeness_score": 0.672,
        "variety_score": 0.25,
        "running_accessibility_score": 58.76,
        "running_category": "Acceptable"
      },
      "geometry": {
        "type": "Point",
        "coordinates": [
          2.1365404,
          41.387499
        ]
      },
      "id": "node/2629932730"
    },
    {
      "type": "Feature",
      "properties": {
        "@id": "node/2687089258",
        "check_date": "2025-05-09",
        "name": "Hotel Bertran",
        "stars": "3",
        "tourism": "hotel",
        "website": "https://www.bertran-hotel.com/",
        "nearest_route_m": 235.93,
        "nearby_routes_count": 1,
        "closeness_score": 0.7641,
        "variety_score": 0.25,
        "running_accessibility_score": 66.13,
        "running_category": "Good"
      },
      "geometry": {
        "type": "Point",
        "coordinates": [
          2.1397386,
          41.410395
        ]
      },
      "id": "node/2687089258"
    },
    {
      "type": "Feature",
      "properties": {
        "@id": "node/2766678312",
        "addr:city": "Barcelona",
        "addr:housenumber": "117",
        "addr:postcode": "08008",
        "addr:street": "Carrer de Balmes",
        "name": "Olivia Balmes Hotel",
        "phone": "+34932144163",
        "tourism": "hotel",
        "website": "http://www.oliviabalmeshotel.es",
        "wheelchair": "yes",
        "wikidata": "Q112011982",
        "nearest_route_m": 415.96,
        "nearby_routes_count": 1,
        "closeness_score": 0.584,
        "variety_score": 0.25,
        "running_accessibility_score": 51.72,
        "running_category": "Acceptable"
      },
      "geometry": {
        "type": "Point",
        "coordinates": [
          2.1585614,
          41.3922038
        ]
      },
      "id": "node/2766678312"
    },
    {
      "type": "Feature",
      "properties": {
        "@id": "node/2767883848",
        "addr:city": "Barcelona",
        "addr:housenumber": "23",
        "addr:postcode": "08002",
        "addr:street": "Carrer de la Boqueria",
        "name": "Hotel Condal",
        "phone": "+34 933 18 18 82",
        "tourism": "hotel",
        "website": "https://www.hotelcondal.es",
        "nearest_route_m": 635.02,
        "nearby_routes_count": 1,
        "closeness_score": 0.365,
        "variety_score": 0.25,
        "running_accessibility_score": 34.2,
        "running_category": "Poor"
      },
      "geometry": {
        "type": "Point",
        "coordinates": [
          2.1742127,
          41.3815376
        ]
      },
      "id": "node/2767883848"
    },
    {
      "type": "Feature",
      "properties": {
        "@id": "node/2967989788",
        "addr:city": "Barcelona",
        "addr:housenumber": "125",
        "addr:postcode": "08002",
        "addr:street": "La Rambla",
        "email": "info@hlloret.com",
        "name": "Hotel Lloret",
        "phone": "+34 93 317 33 66",
        "tourism": "hotel",
        "website": "https://www.hlloret.com/",
        "wikidata": "Q47170813",
        "wikimedia_commons": "Category:Hotel Lloret",
        "wikipedia": "ca:Casa Pere Bernis",
        "nearest_route_m": 1112.93,
        "nearby_routes_count": 0,
        "closeness_score": 0.0,
        "variety_score": 0.0,
        "running_accessibility_score": 0.0,
        "running_category": "Very poor"
      },
      "geometry": {
        "type": "Point",
        "coordinates": [
          2.170172,
          41.3848137
        ]
      },
      "id": "node/2967989788"
    },
    {
      "type": "Feature",
      "properties": {
        "@id": "node/2967991898",
        "addr:city": "Barcelona",
        "addr:street": "Carrer d'Elisabets",
        "name": "Casa Camper Barcelona",
        "tourism": "hotel",
        "wikidata": "Q111389496",
        "nearest_route_m": 1140.75,
        "nearby_routes_count": 0,
        "closeness_score": 0.0,
        "variety_score": 0.0,
        "running_accessibility_score": 0.0,
        "running_category": "Very poor"
      },
      "geometry": {
        "type": "Point",
        "coordinates": [
          2.1685386,
          41.3832795
        ]
      },
      "id": "node/2967991898"
    },
    {
      "type": "Feature",
      "properties": {
        "@id": "node/2971982887",
        "addr:housenumber": "11",
        "addr:postcode": "08002",
        "addr:street": "Carrer de la Portaferrissa",
        "name": "Hostal Fina",
        "tourism": "hotel",
        "nearest_route_m": 854.94,
        "nearby_routes_count": 1,
        "closeness_score": 0.1451,
        "variety_score": 0.25,
        "running_accessibility_score": 16.61,
        "running_category": "Very poor"
      },
      "geometry": {
        "type": "Point",
        "coordinates": [
          2.1726849,
          41.3834541
        ]
      },
      "id": "node/2971982887"
    },
    {
      "type": "Feature",
      "properties": {
        "@id": "node/2971983667",
        "name": "Hotel Ramblas",
        "tourism": "hotel",
        "nearest_route_m": 443.7,
        "nearby_routes_count": 1,
        "closeness_score": 0.5563,
        "variety_score": 0.25,
        "running_accessibility_score": 49.5,
        "running_category": "Acceptable"
      },
      "geometry": {
        "type": "Point",
        "coordinates": [
          2.1748135,
          41.3789792
        ]
      },
      "id": "node/2971983667"
    },
    {
      "type": "Feature",
      "properties": {
        "@id": "node/2971984058",
        "check_date": "2023-04-27",
        "name": "Hotel Alba",
        "tourism": "hotel",
        "nearest_route_m": 848.82,
        "nearby_routes_count": 1,
        "closeness_score": 0.1512,
        "variety_score": 0.25,
        "running_accessibility_score": 17.09,
        "running_category": "Very poor"
      },
      "geometry": {
        "type": "Point",
        "coordinates": [
          2.1700638,
          41.3802428
        ]
      },
      "id": "node/2971984058"
    },
    {
      "type": "Feature",
      "properties": {
        "@id": "node/2971984061",
        "name": "Hostal R. Ramos",
        "tourism": "hotel",
        "nearest_route_m": 790.23,
        "nearby_routes_count": 1,
        "closeness_score": 0.2098,
        "variety_score": 0.25,
        "running_accessibility_score": 21.78,
        "running_category": "Poor"
      },
      "geometry": {
        "type": "Point",
        "coordinates": [
          2.1715146,
          41.380892
        ]
      },
      "id": "node/2971984061"
    },
    {
      "type": "Feature",
      "properties": {
        "@id": "node/3079351581",
        "addr:city": "Barcelona",
        "addr:housenumber": "304",
        "addr:street": "Gran Via de les Corts Catalanes",
        "name": "Hotel Brick",
        "tourism": "hotel",
        "nearest_route_m": 2171.41,
        "nearby_routes_count": 0,
        "closeness_score": 0.0,
        "variety_score": 0.0,
        "running_accessibility_score": 0.0,
        "running_category": "Very poor"
      },
      "geometry": {
        "type": "Point",
        "coordinates": [
          2.1462078,
          41.3724255
        ]
      },
      "id": "node/3079351581"
    },
    {
      "type": "Feature",
      "properties": {
        "@id": "node/3090628084",
        "addr:housenumber": "8",
        "addr:street": "Plaza Duc Medinaceli",
        "email": "reserve@gargallo-hotels.com",
        "fax": "+34 934817727",
        "name": "Gran Hotel Medinaceli",
        "phone": "+34932689060",
        "tourism": "hotel",
        "website": "https://www.hotelmedinaceli.com/EN/hotel.html",
        "nearest_route_m": 121.58,
        "nearby_routes_count": 1,
        "closeness_score": 0.8784,
        "variety_score": 0.25,
        "running_accessibility_score": 75.27,
        "running_category": "Good"
      },
      "geometry": {
        "type": "Point",
        "coordinates": [
          2.17862,
          41.3781
        ]
      },
      "id": "node/3090628084"
    },
    {
      "type": "Feature",
      "properties": {
        "@id": "node/3136495886",
        "addr:housename": "Meson Castilla",
        "addr:housenumber": "5",
        "addr:street": "Carrer de Valldonzella",
        "name": "Meson Castilla",
        "source": "visited",
        "stars": "2",
        "tourism": "hotel",
        "nearest_route_m": 1365.42,
        "nearby_routes_count": 0,
        "closeness_score": 0.0,
        "variety_score": 0.0,
        "running_accessibility_score": 0.0,
        "running_category": "Very poor"
      },
      "geometry": {
        "type": "Point",
        "coordinates": [
          2.1665445,
          41.3847031
        ]
      },
      "id": "node/3136495886"
    },
    {
      "type": "Feature",
      "properties": {
        "@id": "node/3157289761",
        "addr:city": "Barcelona",
        "addr:housenumber": "126",
        "addr:postcode": "08035",
        "addr:street": "Carrer de Berruguete",
        "internet_access": "wlan",
        "name": "Alimara Barcelona Hotel",
        "name:ca": "Alimara Barcelona Hotel",
        "opening_hours": "24/7",
        "phone": "+34934270000",
        "tourism": "hotel",
        "website": "https://alimarahotel.com/",
        "wheelchair": "yes",
        "wikidata": "Q111389473",
        "nearest_route_m": 2332.44,
        "nearby_routes_count": 0,
        "closeness_score": 0.0,
        "variety_score": 0.0,
        "running_accessibility_score": 0.0,
        "running_category": "Very poor"
      },
      "geometry": {
        "type": "Point",
        "coordinates": [
          2.1474969,
          41.4339651
        ]
      },
      "id": "node/3157289761"
    },
    {
      "type": "Feature",
      "properties": {
        "@id": "node/3369311544",
        "addr:city": "Barcelona",
        "addr:housenumber": "234",
        "addr:postcode": "08007",
        "addr:street": "Carrer de la Diputació",
        "check_date": "2024-04-28",
        "name": "Hotel Sansi Diputació",
        "tourism": "hotel",
        "nearest_route_m": 981.37,
        "nearby_routes_count": 1,
        "closeness_score": 0.0186,
        "variety_score": 0.25,
        "running_accessibility_score": 6.49,
        "running_category": "Very poor"
      },
      "geometry": {
        "type": "Point",
        "coordinates": [
          2.1645363,
          41.3883372
        ]
      },
      "id": "node/3369311544"
    },
    {
      "type": "Feature",
      "properties": {
        "@id": "node/3484028888",
        "addr:city": "Barcelona",
        "addr:housenumber": "425",
        "addr:postcode": "08013",
        "addr:street": "Carrer de València",
        "name": "MH Apartments",
        "tourism": "hotel",
        "website": "https://www.mhapartments.com/apartamentos-barcelona/mh-s-familia",
        "nearest_route_m": 171.56,
        "nearby_routes_count": 1,
        "closeness_score": 0.8284,
        "variety_score": 0.25,
        "running_accessibility_score": 71.28,
        "running_category": "Good"
      },
      "geometry": {
        "type": "Point",
        "coordinates": [
          2.1756718,
          41.4020841
        ]
      },
      "id": "node/3484028888"
    },
    {
      "type": "Feature",
      "properties": {
        "@id": "node/3495835236",
        "name": "Hotel Nouvel",
        "source": "Hotel Website",
        "tourism": "hotel",
        "nearest_route_m": 1040.45,
        "nearby_routes_count": 0,
        "closeness_score": 0.0,
        "variety_score": 0.0,
        "running_accessibility_score": 0.0,
        "running_category": "Very poor"
      },
      "geometry": {
        "type": "Point",
        "coordinates": [
          2.1716056,
          41.3853275
        ]
      },
      "id": "node/3495835236"
    },
    {
      "type": "Feature",
      "properties": {
        "@id": "node/3517276341",
        "addr:city": "Barcelona",
        "addr:housenumber": "127",
        "addr:postcode": "08006",
        "addr:street": "Via Augusta",
        "brand": "Mercure",
        "brand:wikidata": "Q1709809",
        "internet_access": "wlan",
        "name": "Mercure Barcelona Condor",
        "phone": "+34932094511",
        "tourism": "hotel",
        "website": "http://hotelmercurecondor.com/en/",
        "wikidata": "Q111389429",
        "nearest_route_m": 755.06,
        "nearby_routes_count": 1,
        "closeness_score": 0.2449,
        "variety_score": 0.25,
        "running_accessibility_score": 24.6,
        "running_category": "Poor"
      },
      "geometry": {
        "type": "Point",
        "coordinates": [
          2.145339,
          41.3999982
        ]
      },
      "id": "node/3517276341"
    },
    {
      "type": "Feature",
      "properties": {
        "@id": "node/3522439012",
        "addr:city": "Barcelona",
        "addr:housenumber": "134",
        "addr:postcode": "08004",
        "addr:street": "Carrer Nou de la Rambla",
        "email": "hotel.coronado@yahoo.es",
        "internet_access": "wlan",
        "internet_access:fee": "no",
        "name": "Hotel Coronado",
        "phone": "+34 93 442 34 48",
        "stars": "1",
        "tourism": "hotel",
        "website": "https://www.hotelcoronado.es/",
        "wheelchair": "no",
        "nearest_route_m": 880.38,
        "nearby_routes_count": 1,
        "closeness_score": 0.1196,
        "variety_score": 0.25,
        "running_accessibility_score": 14.57,
        "running_category": "Very poor"
      },
      "geometry": {
        "type": "Point",
        "coordinates": [
          2.1682438,
          41.3733921
        ]
      },
      "id": "node/3522439012"
    },
    {
      "type": "Feature",
      "properties": {
        "@id": "node/3595843486",
        "addr:city": "Barcelona",
        "addr:housenumber": "230-232",
        "addr:postcode": "08013",
        "addr:street": "Carrer de Nàpols",
        "alt_name": "Hotel ibis",
        "branch": "Sagrada Familia",
        "check_date": "2024-10-11",
        "name": "Hotel ibis Barcelona Centro",
        "operator": "ibis",
        "tourism": "hotel",
        "nearest_route_m": 117.94,
        "nearby_routes_count": 1,
        "closeness_score": 0.8821,
        "variety_score": 0.25,
        "running_accessibility_score": 75.56,
        "running_category": "Good"
      },
      "geometry": {
        "type": "Point",
        "coordinates": [
          2.1724889,
          41.4007751
        ]
      },
      "id": "node/3595843486"
    },
    {
      "type": "Feature",
      "properties": {
        "@id": "node/3613087602",
        "addr:city": "Barcelona",
        "addr:housenumber": "11",
        "addr:postcode": "08001",
        "addr:street": "Hospital",
        "name": "Hotel Moderno",
        "phone": "+34 933 014224",
        "toilets:wheelchair": "yes",
        "tourism": "hotel",
        "website": "http://de.venere.com/search.do?resolved-location=CITY%3A444495%3AUNKNOWN%3AUNKNOWN&f-name=hotel%20moderno&destination-id=444495&q-destination=Barcelona,%20",
        "wheelchair": "yes",
        "nearest_route_m": 712.68,
        "nearby_routes_count": 1,
        "closeness_score": 0.2873,
        "variety_score": 0.25,
        "running_accessibility_score": 27.99,
        "running_category": "Poor"
      },
      "geometry": {
        "type": "Point",
        "coordinates": [
          2.172713,
          41.38103
        ]
      },
      "id": "node/3613087602"
    },
    {
      "type": "Feature",
      "properties": {
        "@id": "node/3657626989",
        "addr:housenumber": "6",
        "addr:postcode": "08002",
        "addr:street": "Carrer de Jaume I",
        "email": "reserve@gargallohotels.es",
        "fax": "+34 933014242",
        "internet_access": "wlan",
        "internet_access:fee": "no",
        "name": "Gran Hotel Barcino",
        "phone": "+34 933022012",
        "rooms": "61",
        "stars": "4",
        "tourism": "hotel",
        "website": "https://www.hotelbarcino.com/",
        "wikidata": "Q111872215",
        "nearest_route_m": 475.38,
        "nearby_routes_count": 1,
        "closeness_score": 0.5246,
        "variety_score": 0.25,
        "running_accessibility_score": 46.97,
        "running_category": "Acceptable"
      },
      "geometry": {
        "type": "Point",
        "coordinates": [
          2.177822,
          41.383122
        ]
      },
      "id": "node/3657626989"
    },
    {
      "type": "Feature",
      "properties": {
        "@id": "node/3759848062",
        "addr:housenumber": "61",
        "addr:street": "Avinguda de Mistral",
        "description": "Apartment Hotel",
        "name": "MH Apartments Urban",
        "tourism": "hotel",
        "website": "https://www.mhapartments.com/apartamentos-barcelona/mh-urban",
        "nearest_route_m": 1972.77,
        "nearby_routes_count": 0,
        "closeness_score": 0.0,
        "variety_score": 0.0,
        "running_accessibility_score": 0.0,
        "running_category": "Very poor"
      },
      "geometry": {
        "type": "Point",
        "coordinates": [
          2.1547587,
          41.3759099
        ]
      },
      "id": "node/3759848062"
    },
    {
      "type": "Feature",
      "properties": {
        "@id": "node/3787762815",
        "addr:city": "Barcelona",
        "addr:housenumber": "2",
        "addr:postcode": "08010",
        "addr:street": "Plaza Urquinaona",
        "air_conditioning": "yes",
        "brand": "H10 Hotels",
        "brand:wikidata": "Q1562646",
        "internet_access": "wlan",
        "name": "H10 Urquinaona Plaza",
        "toilets:wheelchair": "yes",
        "tourism": "hotel",
        "wheelchair": "yes",
        "wheelchair:description": "Rollstuhlgerechte Zimmer, begehbare Dusche & Badezimmer",
        "wikidata": "Q111389545",
        "nearest_route_m": 1101.84,
        "nearby_routes_count": 0,
        "closeness_score": 0.0,
        "variety_score": 0.0,
        "running_accessibility_score": 0.0,
        "running_category": "Very poor"
      },
      "geometry": {
        "type": "Point",
        "coordinates": [
          2.1725408,
          41.3892056
        ]
      },
      "id": "node/3787762815"
    },
    {
      "type": "Feature",
      "properties": {
        "@id": "node/3790504778",
        "check_date": "2023-04-26",
        "internet_access": "wlan",
        "internet_access:fee": "no",
        "name": "Serhs del port",
        "tourism": "hotel",
        "wheelchair": "yes",
        "nearest_route_m": 493.69,
        "nearby_routes_count": 1,
        "closeness_score": 0.5063,
        "variety_score": 0.25,
        "running_accessibility_score": 45.51,
        "running_category": "Acceptable"
      },
      "geometry": {
        "type": "Point",
        "coordinates": [
          2.1724969,
          41.37502
        ]
      },
      "id": "node/3790504778"
    },
    {
      "type": "Feature",
      "properties": {
        "@id": "node/3797111799",
        "addr:city": "Barcelona",
        "addr:housenumber": "174",
        "addr:postcode": "08004",
        "addr:street": "Carrer Nou de la Rambla",
        "name": "Hotel Brummell",
        "smoking": "outside",
        "tourism": "hotel",
        "wikidata": "Q111389471",
        "nearest_route_m": 1086.49,
        "nearby_routes_count": 0,
        "closeness_score": 0.0,
        "variety_score": 0.0,
        "running_accessibility_score": 0.0,
        "running_category": "Very poor"
      },
      "geometry": {
        "type": "Point",
        "coordinates": [
          2.1664682,
          41.3716581
        ]
      },
      "id": "node/3797111799"
    },
    {
      "type": "Feature",
      "properties": {
        "@id": "node/3797540450",
        "designation": "Aparthotel",
        "name": "Rambla Apartments",
        "source": "http://barcelona-ac.com",
        "tourism": "hotel",
        "nearest_route_m": 455.84,
        "nearby_routes_count": 1,
        "closeness_score": 0.5442,
        "variety_score": 0.25,
        "running_accessibility_score": 48.53,
        "running_category": "Acceptable"
      },
      "geometry": {
        "type": "Point",
        "coordinates": [
          2.1750386,
          41.3794595
        ]
      },
      "id": "node/3797540450"
    },
    {
      "type": "Feature",
      "properties": {
        "@id": "node/3803868740",
        "name": "Barcelona Century Hotel",
        "tourism": "hotel",
        "website": "http://hotelcenturypark.com/",
        "nearest_route_m": 954.91,
        "nearby_routes_count": 1,
        "closeness_score": 0.0451,
        "variety_score": 0.25,
        "running_accessibility_score": 8.61,
        "running_category": "Very poor"
      },
      "geometry": {
        "type": "Point",
        "coordinates": [
          2.154852,
          41.3861529
        ]
      },
      "id": "node/3803868740"
    },
    {
      "type": "Feature",
      "properties": {
        "@id": "node/3816959757",
        "name": "AKO Aparthotel",
        "name:ca": "AKO Aparthotel",
        "tourism": "hotel",
        "nearest_route_m": 1133.62,
        "nearby_routes_count": 0,
        "closeness_score": 0.0,
        "variety_score": 0.0,
        "running_accessibility_score": 0.0,
        "running_category": "Very poor"
      },
      "geometry": {
        "type": "Point",
        "coordinates": [
          2.161031,
          41.38601
        ]
      },
      "id": "node/3816959757"
    },
    {
      "type": "Feature",
      "properties": {
        "@id": "node/3923380687",
        "addr:city": "Barcelona",
        "addr:housenumber": "40",
        "addr:postcode": "08002",
        "addr:street": "la Rambla",
        "internet_access": "wlan",
        "name": "Hotel Cuatro Naciones",
        "phone": "+34 933 17 36 24",
        "source": "Own survey",
        "tourism": "hotel",
        "website": "https://www.h4n.com/",
        "nearest_route_m": 448.91,
        "nearby_routes_count": 1,
        "closeness_score": 0.5511,
        "variety_score": 0.25,
        "running_accessibility_score": 49.09,
        "running_category": "Acceptable"
      },
      "geometry": {
        "type": "Point",
        "coordinates": [
          2.1750662,
          41.3793737
        ]
      },
      "id": "node/3923380687"
    },
    {
      "type": "Feature",
      "properties": {
        "@id": "node/3974740497",
        "addr:city": "Barcelona",
        "addr:housenumber": "42",
        "addr:postcode": "08009",
        "addr:street": "Carrer de Roger de Llúria",
        "name": "Casa Llimona Hotel Boutique",
        "tourism": "hotel",
        "nearest_route_m": 735.48,
        "nearby_routes_count": 1,
        "closeness_score": 0.2645,
        "variety_score": 0.25,
        "running_accessibility_score": 26.16,
        "running_category": "Poor"
      },
      "geometry": {
        "type": "Point",
        "coordinates": [
          2.1703366,
          41.3921304
        ]
      },
      "id": "node/3974740497"
    },
    {
      "type": "Feature",
      "properties": {
        "@id": "node/4052381450",
        "addr:city": "Barcelona",
        "addr:housenumber": "61",
        "addr:postcode": "08017",
        "addr:street": "Carrer de Castellnou",
        "brand": "CATALONIA Hotels & Resorts",
        "internet_access": "wlan",
        "internet_access:fee": "customers",
        "name": "Hotel Catalonia Castellnou",
        "phone": "+34 93 203 05 50",
        "stars": "3",
        "tourism": "hotel",
        "website": "https://www.cataloniahotels.com/es/hotel/catalonia-castellnou",
        "nearest_route_m": 658.29,
        "nearby_routes_count": 2,
        "closeness_score": 0.3417,
        "variety_score": 0.5,
        "running_accessibility_score": 37.34,
        "running_category": "Poor"
      },
      "geometry": {
        "type": "Point",
        "coordinates": [
          2.1285763,
          41.3964422
        ]
      },
      "id": "node/4052381450"
    },
    {
      "type": "Feature",
      "properties": {
        "@id": "node/4065174148",
        "addr:city": "Barcelona",
        "addr:housenumber": "23-25",
        "addr:postcode": "08001",
        "addr:street": "Drassanes",
        "name": "Andante Hotel",
        "stars": "3",
        "tourism": "hotel",
        "nearest_route_m": 484.04,
        "nearby_routes_count": 1,
        "closeness_score": 0.516,
        "variety_score": 0.25,
        "running_accessibility_score": 46.28,
        "running_category": "Acceptable"
      },
      "geometry": {
        "type": "Point",
        "coordinates": [
          2.1727042,
          41.3765984
        ]
      },
      "id": "node/4065174148"
    },
    {
      "type": "Feature",
      "properties": {
        "@id": "node/4130740691",
        "addr:street": "Carrer dels Tallers",
        "name": "Hotel Ciutat Vella",
        "tourism": "hotel",
        "nearest_route_m": 1374.32,
        "nearby_routes_count": 0,
        "closeness_score": 0.0,
        "variety_score": 0.0,
        "running_accessibility_score": 0.0,
        "running_category": "Very poor"
      },
      "geometry": {
        "type": "Point",
        "coordinates": [
          2.1666554,
          41.3849938
        ]
      },
      "id": "node/4130740691"
    },
    {
      "type": "Feature",
      "properties": {
        "@id": "node/4157493036",
        "addr:housenumber": "151",
        "addr:street": "Avenida Meridiana",
        "name": "Catalonia Atenas",
        "toilets:wheelchair": "yes",
        "tourism": "hotel",
        "wheelchair": "yes",
        "wikidata": "Q111389580",
        "nearest_route_m": 830.77,
        "nearby_routes_count": 1,
        "closeness_score": 0.1692,
        "variety_score": 0.25,
        "running_accessibility_score": 18.54,
        "running_category": "Very poor"
      },
      "geometry": {
        "type": "Point",
        "coordinates": [
          2.1865397,
          41.4110737
        ]
      },
      "id": "node/4157493036"
    },
    {
      "type": "Feature",
      "properties": {
        "@id": "node/4165333589",
        "addr:housenumber": "54",
        "addr:street": "Carrer d'Aribau",
        "name": "Cram",
        "tourism": "hotel",
        "website": "https://hotelcram.com/en/",
        "wikidata": "Q111389465",
        "nearest_route_m": 887.73,
        "nearby_routes_count": 1,
        "closeness_score": 0.1123,
        "variety_score": 0.25,
        "running_accessibility_score": 13.98,
        "running_category": "Very poor"
      },
      "geometry": {
        "type": "Point",
        "coordinates": [
          2.1601834,
          41.3881318
        ]
      },
      "id": "node/4165333589"
    },
    {
      "type": "Feature",
      "properties": {
        "@id": "node/4172419191",
        "addr:housenumber": "269-271",
        "addr:street": "Carrer de Mallorca",
        "name": "Alma Barcelona Hotel",
        "phone": "+34 932 16 44 90",
        "tourism": "hotel",
        "website": "https://almabarcelona.com/",
        "nearest_route_m": 297.31,
        "nearby_routes_count": 1,
        "closeness_score": 0.7027,
        "variety_score": 0.25,
        "running_accessibility_score": 61.21,
        "running_category": "Good"
      },
      "geometry": {
        "type": "Point",
        "coordinates": [
          2.1632409,
          41.3945072
        ]
      },
      "id": "node/4172419191"
    },
    {
      "type": "Feature",
      "properties": {
        "@id": "node/4172419289",
        "addr:housenumber": "84",
        "addr:street": "Passeig de Gràcia",
        "name": "Hotel Royal Passeig de Gracia",
        "phone": "+34 937 37 00 10",
        "tourism": "hotel",
        "website": "https://royalpasseigdegraciahotel.com/",
        "wheelchair": "no",
        "wikidata": "Q111389478",
        "nearest_route_m": 268.24,
        "nearby_routes_count": 1,
        "closeness_score": 0.7318,
        "variety_score": 0.25,
        "running_accessibility_score": 63.54,
        "running_category": "Good"
      },
      "geometry": {
        "type": "Point",
        "coordinates": [
          2.1624325,
          41.39458
        ]
      },
      "id": "node/4172419289"
    },
    {
      "type": "Feature",
      "properties": {
        "@id": "node/4190437010",
        "addr:housenumber": "201",
        "addr:street": "Carrer d'Aribau",
        "email": "hotel@condadohotel.com",
        "name": "Hotel Condado",
        "phone": "+34 93 2002311",
        "tourism": "hotel",
        "website": "https://www.condadohotel.com/",
        "nearest_route_m": 185.76,
        "nearby_routes_count": 1,
        "closeness_score": 0.8142,
        "variety_score": 0.25,
        "running_accessibility_score": 70.14,
        "running_category": "Good"
      },
      "geometry": {
        "type": "Point",
        "coordinates": [
          2.1495177,
          41.3956432
        ]
      },
      "id": "node/4190437010"
    },
    {
      "type": "Feature",
      "properties": {
        "@id": "node/4190459390",
        "addr:housenumber": "8",
        "addr:street": "Carrer de Santaló",
        "name": "Zenit Hotel",
        "phone": "+34932411800",
        "tourism": "hotel",
        "website": "https://barcelona.zenithoteles.com/",
        "nearest_route_m": 184.29,
        "nearby_routes_count": 1,
        "closeness_score": 0.8157,
        "variety_score": 0.25,
        "running_accessibility_score": 70.26,
        "running_category": "Good"
      },
      "geometry": {
        "type": "Point",
        "coordinates": [
          2.1470158,
          41.3949998
        ]
      },
      "id": "node/4190459390"
    },
    {
      "type": "Feature",
      "properties": {
        "@id": "node/4195404094",
        "addr:city": "Barcelona",
        "addr:housenumber": "10",
        "addr:postcode": "08002",
        "addr:street": "Carrer de la Boqueria",
        "air_conditioning": "yes",
        "bar": "yes",
        "brand": "Petit Palace Hotelity",
        "brand:wikidata": "Q125472094",
        "contact:facebook": "https://www.facebook.com/PetitPalaceHotels/",
        "description": "The Petit Palace Boquería Garden is a boutique hotel close to la Boquería Market of Barcelona. The hotel provides Wi-Fi, MiFi, bicycles, bar, breakfast buffet, and the famous Casa Ignacio de Puig Gardens.",
        "email": "boqueriagarden@petitpalace.com",
        "image": "https://petitpalaceboqueriagarden.com/backoffice/images/1-petit-palace-boqueria-garden-lobby-entrance-stair.jpg",
        "internet_access": "wlan",
        "internet_access:fee": "no",
        "name": "Petit Palace Boquería Garden",
        "not:name": "Flats Club;Petit Palace Opera Garden",
        "opening_hours": "24/7",
        "operator": "Hoteatelier",
        "payment:cash": "yes",
        "payment:contactless": "yes",
        "payment:credit_cards": "yes",
        "payment:debit_cards": "yes",
        "payment:mastercard": "yes",
        "payment:visa": "yes",
        "phone": "+34 933 020 092",
        "reservation": "yes",
        "smoking": "outside",
        "source": "survey;local knowledge",
        "stars": "4",
        "toilets:wheelchair": "yes",
        "tourism": "hotel",
        "website": "https://www.petitpalaceboqueriagarden.com",
        "wheelchair": "limited",
        "wheelchair:description": "Has accessible rooms. Step free access to general rooms. Sinks in room bathrooms are not wheelchair friendly.",
        "wikidata": "Q111389539",
        "nearest_route_m": 645.97,
        "nearby_routes_count": 1,
        "closeness_score": 0.354,
        "variety_score": 0.25,
        "running_accessibility_score": 33.32,
        "running_category": "Poor"
      },
      "geometry": {
        "type": "Point",
        "coordinates": [
          2.1739373,
          41.3813872
        ]
      },
      "id": "node/4195404094"
    },
    {
      "type": "Feature",
      "properties": {
        "@id": "node/4219381692",
        "addr:city": "Barcelona",
        "addr:housenumber": "256",
        "addr:postcode": "08007",
        "addr:street": "Carrer d'Aragó",
        "description": "Junto a Rambla de Catalunya, área comercial y cultural de Barcelona, se encuentra hcc taber, hotel de arquitectura modernista diseñado por uno de los arquitectos más importantes de la época, Domènech i Montaner, que realizó el Palau de la Música.",
        "email": "taber@hcchotels.es",
        "internet_access": "wlan",
        "internet_access:fee": "no",
        "name": "HCC Taber",
        "operator": "HCC Hotels",
        "phone": "+34 934 873 887",
        "rooms": "92",
        "smoking": "no",
        "stars": "3",
        "tourism": "hotel",
        "website": "https://www.hcchotels.com/hcc-taber/",
        "nearest_route_m": 714.57,
        "nearby_routes_count": 1,
        "closeness_score": 0.2854,
        "variety_score": 0.25,
        "running_accessibility_score": 27.83,
        "running_category": "Poor"
      },
      "geometry": {
        "type": "Point",
        "coordinates": [
          2.1633115,
          41.3905627
        ]
      },
      "id": "node/4219381692"
    },
    {
      "type": "Feature",
      "properties": {
        "@id": "node/4225971178",
        "addr:city": "Barcelona",
        "addr:housenumber": "340",
        "addr:postcode": "08025",
        "addr:street": "Carrer de los Castillejos",
        "email": "info@medicishotel.com",
        "name": "Hotel Medicis",
        "name:fr": "Hôtel Medicis",
        "phone": "+34 934 50 00 53",
        "tourism": "hotel",
        "website": "https://www.medicishotel.com/",
        "nearest_route_m": 1138.83,
        "nearby_routes_count": 0,
        "closeness_score": 0.0,
        "variety_score": 0.0,
        "running_accessibility_score": 0.0,
        "running_category": "Very poor"
      },
      "geometry": {
        "type": "Point",
        "coordinates": [
          2.1731362,
          41.4106317
        ]
      },
      "id": "node/4225971178"
    },
    {
      "type": "Feature",
      "properties": {
        "@id": "node/4236878689",
        "addr:housenumber": "104",
        "addr:postcode": "08009",
        "addr:street": "Carrer de Pau Claris",
        "name": "Hostal Barcelona Centro",
        "tourism": "hotel",
        "nearest_route_m": 800.92,
        "nearby_routes_count": 1,
        "closeness_score": 0.1991,
        "variety_score": 0.25,
        "running_accessibility_score": 20.93,
        "running_category": "Poor"
      },
      "geometry": {
        "type": "Point",
        "coordinates": [
          2.1692974,
          41.3912477
        ]
      },
      "id": "node/4236878689"
    },
    {
      "type": "Feature",
      "properties": {
        "@id": "node/4252284055",
        "name": "Hotel Grums",
        "toilets:wheelchair": "yes",
        "tourism": "hotel",
        "wheelchair": "yes",
        "nearest_route_m": 609.93,
        "nearby_routes_count": 1,
        "closeness_score": 0.3901,
        "variety_score": 0.25,
        "running_accessibility_score": 36.21,
        "running_category": "Poor"
      },
      "geometry": {
        "type": "Point",
        "coordinates": [
          2.1720069,
          41.3729061
        ]
      },
      "id": "node/4252284055"
    },
    {
      "type": "Feature",
      "properties": {
        "@id": "node/4254742419",
        "addr:city": "Barcelona",
        "addr:housenumber": "37",
        "addr:postcode": "08003",
        "addr:street": "Carrer de l'Argenteria",
        "air_conditioning": "yes",
        "bar": "yes",
        "brand": "chic&basic hotels",
        "description": "El chic&basic Habana Hoose Hotel está situado en el centro de Barcelona. Tu Hotel en el Born para disfrutar al máximo de la ciudad. ¡Reserva ahora!",
        "email": "habanahoose@chicandbasic.com",
        "image": "https://www.chicandbasic.com/data/webp/big-chic-and-basic-habana-hoose-galeria-56480.jpg-9d75d7f93b0b48a28ca373a10ac20086.webp",
        "internet_access": "wlan",
        "internet_access:fee": "no",
        "name": "chic&basic Habana Hoose Hotel",
        "opening_hours": "24/7",
        "operator": "chic&basic hotels",
        "payment:cash": "yes",
        "payment:contactless": "yes",
        "payment:credit_cards": "yes",
        "payment:mastercard": "yes",
        "payment:visa": "yes",
        "phone": "+34 935 956 505",
        "reservation": "yes",
        "smoking": "outside",
        "source": "survey;local knowledge",
        "stars": "3",
        "toilets:wheelchair": "yes",
        "tourism": "hotel",
        "website": "https://www.chicandbasic.com/es/hotel-habana-hoose-barcelona/",
        "wheelchair": "limited",
        "nearest_route_m": 408.68,
        "nearby_routes_count": 1,
        "closeness_score": 0.5913,
        "variety_score": 0.25,
        "running_accessibility_score": 52.31,
        "running_category": "Acceptable"
      },
      "geometry": {
        "type": "Point",
        "coordinates": [
          2.1800369,
          41.3837765
        ]
      },
      "id": "node/4254742419"
    },
    {
      "type": "Feature",
      "properties": {
        "@id": "node/4281322890",
        "addr:city": "Barcelona",
        "addr:housenumber": "6",
        "addr:postcode": "08028",
        "addr:street": "Carrer de Can Bruixa",
        "name": "08028 Apartments",
        "tourism": "hotel",
        "website": "https://www.08028apartments.com",
        "nearest_route_m": 603.48,
        "nearby_routes_count": 1,
        "closeness_score": 0.3965,
        "variety_score": 0.25,
        "running_accessibility_score": 36.72,
        "running_category": "Poor"
      },
      "geometry": {
        "type": "Point",
        "coordinates": [
          2.1310551,
          41.3835014
        ]
      },
      "id": "node/4281322890"
    },
    {
      "type": "Feature",
      "properties": {
        "@id": "node/4307673089",
        "addr:housenumber": "74",
        "addr:postcode": "08006",
        "addr:street": "Carrer de la Riera de Sant Miquel",
        "internet_access": "wlan",
        "name": "Ding dong Express",
        "tourism": "hotel",
        "wheelchair": "limited",
        "nearest_route_m": 385.42,
        "nearby_routes_count": 1,
        "closeness_score": 0.6146,
        "variety_score": 0.25,
        "running_accessibility_score": 54.17,
        "running_category": "Acceptable"
      },
      "geometry": {
        "type": "Point",
        "coordinates": [
          2.1541323,
          41.3986999
        ]
      },
      "id": "node/4307673089"
    },
    {
      "type": "Feature",
      "properties": {
        "@id": "node/4316180590",
        "addr:housenumber": "116",
        "addr:postcode": "08013",
        "addr:street": "C Nàpols",
        "amenity": "aparthotel",
        "contact:email": "aparthotel@napols.net",
        "contact:phone": "+34 932464573",
        "contact:website": "http://www.napols.net",
        "name": "Aparthotel Napols - Abapart",
        "tourism": "hotel",
        "nearest_route_m": 653.05,
        "nearby_routes_count": 1,
        "closeness_score": 0.3469,
        "variety_score": 0.25,
        "running_accessibility_score": 32.76,
        "running_category": "Poor"
      },
      "geometry": {
        "type": "Point",
        "coordinates": [
          2.1797494,
          41.3952787
        ]
      },
      "id": "node/4316180590"
    },
    {
      "type": "Feature",
      "properties": {
        "@id": "node/4333633578",
        "brand": "H10 Hotels",
        "brand:wikidata": "Q1562646",
        "name": "H10 Hotel Port Vell",
        "name:ca": "H10 Hotel Port Vell",
        "tourism": "hotel",
        "nearest_route_m": 93.61,
        "nearby_routes_count": 1,
        "closeness_score": 0.9064,
        "variety_score": 0.25,
        "running_accessibility_score": 77.51,
        "running_category": "Good"
      },
      "geometry": {
        "type": "Point",
        "coordinates": [
          2.1837722,
          41.3815707
        ]
      },
      "id": "node/4333633578"
    },
    {
      "type": "Feature",
      "properties": {
        "@id": "node/4333657377",
        "addr:housenumber": "142-148",
        "addr:street": "Carrer de la Diputació",
        "email": "booking@bcnurbanhotelsdelcomte.com",
        "fax": "+34 93 323 23 55",
        "name": "BCN Urban Hotels del Comte",
        "phone": "+34 93 323 12 58",
        "tourism": "hotel",
        "website": "https://www.bcnurbanessdelcomte.com/",
        "wheelchair": "yes",
        "nearest_route_m": 1379.05,
        "nearby_routes_count": 0,
        "closeness_score": 0.0,
        "variety_score": 0.0,
        "running_accessibility_score": 0.0,
        "running_category": "Very poor"
      },
      "geometry": {
        "type": "Point",
        "coordinates": [
          2.1570763,
          41.3826847
        ]
      },
      "id": "node/4333657377"
    },
    {
      "type": "Feature",
      "properties": {
        "@id": "node/4346871497",
        "addr:housenumber": "288",
        "addr:postcode": "08037",
        "addr:street": "Carrer de Mallorca",
        "brand": "Room Mate",
        "brand:wikidata": "Q26260849",
        "description": "Boutique hotel in Barcelona City Center.",
        "entrance": "yes",
        "internet_access": "wlan",
        "name": "Room Mate Carla Hotel",
        "operator": "Room Mate",
        "smoking": "no",
        "stars": "4",
        "tourism": "hotel",
        "wikidata": "Q111389506",
        "nearest_route_m": 178.12,
        "nearby_routes_count": 1,
        "closeness_score": 0.8219,
        "variety_score": 0.25,
        "running_accessibility_score": 70.75,
        "running_category": "Good"
      },
      "geometry": {
        "type": "Point",
        "coordinates": [
          2.1660705,
          41.3963505
        ]
      },
      "id": "node/4346871497"
    },
    {
      "type": "Feature",
      "properties": {
        "@id": "node/4355795790",
        "internet_access": "wlan",
        "name": "Canton",
        "tourism": "hotel",
        "nearest_route_m": 184.46,
        "nearby_routes_count": 1,
        "closeness_score": 0.8155,
        "variety_score": 0.25,
        "running_accessibility_score": 70.24,
        "running_category": "Good"
      },
      "geometry": {
        "type": "Point",
        "coordinates": [
          2.1780553,
          41.3784902
        ]
      },
      "id": "node/4355795790"
    },
    {
      "type": "Feature",
      "properties": {
        "@id": "node/4360142541",
        "addr:city": "Barcelona",
        "addr:housenumber": "257",
        "addr:postcode": "08007",
        "addr:street": "Carrer de la Diputació",
        "check_date": "2024-07-07",
        "email": "reservas1@eurostarscristalpalace.com",
        "entrance": "yes",
        "fax": "+34 934879030",
        "internet_access": "yes",
        "internet_access:fee": "no",
        "name": "Hotel Eurostars Cristal Palace",
        "operator": "Eurostar Hotels",
        "payment:american_express": "yes",
        "payment:diners_club": "yes",
        "payment:jcb": "yes",
        "payment:maestro": "yes",
        "payment:mastercard": "yes",
        "payment:visa": "yes",
        "phone": "+34 933930970",
        "rooms": "149",
        "smoking": "no",
        "stars": "4",
        "tourism": "hotel",
        "website": "http://www.eurostarscristalpalace.com/AL/hotel.html",
        "wheelchair": "yes",
        "nearest_route_m": 866.58,
        "nearby_routes_count": 1,
        "closeness_score": 0.1334,
        "variety_score": 0.25,
        "running_accessibility_score": 15.67,
        "running_category": "Very poor"
      },
      "geometry": {
        "type": "Point",
        "coordinates": [
          2.1661232,
          41.3898262
        ]
      },
      "id": "node/4360142541"
    },
    {
      "type": "Feature",
      "properties": {
        "@id": "node/4362319193",
        "access": "no",
        "addr:city": "Barcelona",
        "addr:housenumber": "661, 671",
        "addr:postcode": "08028",
        "addr:street": "Avinguda Diagonal",
        "brand": "Meliá",
        "brand:wikidata": "Q1815030",
        "name": "Torre Melina Gran Meliá",
        "name:-2022": "Fairmont Rey Juan Carlos I",
        "tourism": "hotel",
        "website": "https://www.meliahotelsinternational.com/en",
        "nearest_route_m": 288.71,
        "nearby_routes_count": 2,
        "closeness_score": 0.7113,
        "variety_score": 0.5,
        "running_accessibility_score": 66.9,
        "running_category": "Good"
      },
      "geometry": {
        "type": "Point",
        "coordinates": [
          2.1086899,
          41.3810414
        ]
      },
      "id": "node/4362319193"
    },
    {
      "type": "Feature",
      "properties": {
        "@id": "node/4368446693",
        "level": "2",
        "name": "Ella hostel",
        "tourism": "hotel",
        "nearest_route_m": 767.49,
        "nearby_routes_count": 1,
        "closeness_score": 0.2325,
        "variety_score": 0.25,
        "running_accessibility_score": 23.6,
        "running_category": "Poor"
      },
      "geometry": {
        "type": "Point",
        "coordinates": [
          2.1736765,
          41.3926659
        ]
      },
      "id": "node/4368446693"
    },
    {
      "type": "Feature",
      "properties": {
        "@id": "node/4461103271",
        "addr:city": "Barcelona",
        "addr:housenumber": "122",
        "addr:postcode": "08009",
        "addr:street": "Carrer de Pau Claris",
        "brand": "Renaissance",
        "brand:wikidata": "Q2143252",
        "brand:wikipedia": "en:Renaissance Hotels",
        "building": "yes",
        "building:levels": "26",
        "height": "105",
        "name": "Renaissance Barcelona Hotel",
        "operator": "marriott",
        "phone": "+34932723810",
        "tourism": "hotel",
        "website": "https://www.marriott.com/hotels/travel/bcndm-renaissance-barcelona-hotel/",
        "wikidata": "Q111389507",
        "nearest_route_m": 598.56,
        "nearby_routes_count": 1,
        "closeness_score": 0.4014,
        "variety_score": 0.25,
        "running_accessibility_score": 37.11,
        "running_category": "Poor"
      },
      "geometry": {
        "type": "Point",
        "coordinates": [
          2.1674921,
          41.3927154
        ]
      },
      "id": "node/4461103271"
    },
    {
      "type": "Feature",
      "properties": {
        "@id": "node/4474981449",
        "name": "ABaC",
        "stars": "5",
        "tourism": "hotel",
        "nearest_route_m": 64.16,
        "nearby_routes_count": 2,
        "closeness_score": 0.9358,
        "variety_score": 0.5,
        "running_accessibility_score": 84.87,
        "running_category": "Excellent"
      },
      "geometry": {
        "type": "Point",
        "coordinates": [
          2.1364924,
          41.4105824
        ]
      },
      "id": "node/4474981449"
    },
    {
      "type": "Feature",
      "properties": {
        "@id": "node/4479467590",
        "addr:street": "Carrer de la Corunya",
        "internet_access": "wlan",
        "name": "Hotel Catalonia Sagrada Familia",
        "opening_hours": "24/7",
        "tourism": "hotel",
        "nearest_route_m": 528.18,
        "nearby_routes_count": 1,
        "closeness_score": 0.4718,
        "variety_score": 0.25,
        "running_accessibility_score": 42.75,
        "running_category": "Acceptable"
      },
      "geometry": {
        "type": "Point",
        "coordinates": [
          2.1852929,
          41.4078874
        ]
      },
      "id": "node/4479467590"
    },
    {
      "type": "Feature",
      "properties": {
        "@id": "node/4596538398",
        "addr:housenumber": "9-11",
        "addr:street": "Carrer del Pintor Fortuny",
        "check_date": "2023-02-18",
        "contact:whatsapp": "+34 686 161 544",
        "email": "reservas@hotelturin.com",
        "internet_access": "wlan",
        "internet_access:fee": "customers",
        "internet_access:ssid": "Hotel_Turin",
        "name": "Turin Hotel",
        "operator": "Turin",
        "phone": "+34 933 02 48 12",
        "smoking": "no",
        "tourism": "hotel",
        "website": "https://www.hotelturin.com/",
        "nearest_route_m": 1012.02,
        "nearby_routes_count": 0,
        "closeness_score": 0.0,
        "variety_score": 0.0,
        "running_accessibility_score": 0.0,
        "running_category": "Very poor"
      },
      "geometry": {
        "type": "Point",
        "coordinates": [
          2.1701799,
          41.3830791
        ]
      },
      "id": "node/4596538398"
    },
    {
      "type": "Feature",
      "properties": {
        "@id": "node/4646680093",
        "addr:housenumber": "448",
        "addr:postcode": "08025",
        "addr:street": "Carrer del Rosselló",
        "name": "3002 - AB Sagrada Familia - Gaudí B",
        "name:es": "Mh Apartments Family",
        "tourism": "hotel",
        "nearest_route_m": 705.72,
        "nearby_routes_count": 1,
        "closeness_score": 0.2943,
        "variety_score": 0.25,
        "running_accessibility_score": 28.54,
        "running_category": "Poor"
      },
      "geometry": {
        "type": "Point",
        "coordinates": [
          2.1761705,
          41.4072815
        ]
      },
      "id": "node/4646680093"
    },
    {
      "type": "Feature",
      "properties": {
        "@id": "node/4677240789",
        "name": "Hotel Catalonia Mikado",
        "phone": "+34 93 211 41 66",
        "stars": "3",
        "tourism": "hotel",
        "nearest_route_m": 21.19,
        "nearby_routes_count": 1,
        "closeness_score": 0.9788,
        "variety_score": 0.25,
        "running_accessibility_score": 83.3,
        "running_category": "Excellent"
      },
      "geometry": {
        "type": "Point",
        "coordinates": [
          2.1270863,
          41.40323
        ]
      },
      "id": "node/4677240789"
    },
    {
      "type": "Feature",
      "properties": {
        "@id": "node/4703388466",
        "addr:city": "Barcelona",
        "addr:housenumber": "271",
        "addr:street": "Carrer de València",
        "building": "yes",
        "entrance": "yes",
        "name": "Hotel Claris",
        "name:ca": "Hotel Claris",
        "tourism": "hotel",
        "nearest_route_m": 365.41,
        "nearby_routes_count": 1,
        "closeness_score": 0.6346,
        "variety_score": 0.25,
        "running_accessibility_score": 55.77,
        "running_category": "Acceptable"
      },
      "geometry": {
        "type": "Point",
        "coordinates": [
          2.1654247,
          41.3944096
        ]
      },
      "id": "node/4703388466"
    },
    {
      "type": "Feature",
      "properties": {
        "@id": "node/4720512548",
        "addr:city": "Barcelona",
        "addr:housenumber": "22, 24",
        "addr:postcode": "08001",
        "addr:street": "Carrer de Pelai",
        "internet_access": "wlan",
        "internet_access:fee": "no",
        "name": "Hotel Lleó",
        "stars": "3",
        "tourism": "hotel",
        "website": "https://www.hotel-lleo.com/",
        "nearest_route_m": 1315.85,
        "nearby_routes_count": 0,
        "closeness_score": 0.0,
        "variety_score": 0.0,
        "running_accessibility_score": 0.0,
        "running_category": "Very poor"
      },
      "geometry": {
        "type": "Point",
        "coordinates": [
          2.1664581,
          41.3856442
        ]
      },
      "id": "node/4720512548"
    },
    {
      "type": "Feature",
      "properties": {
        "@id": "node/4743820596",
        "addr:city": "Barcelona",
        "addr:housenumber": "48",
        "addr:postcode": "08014",
        "addr:street": "Carrer del Rector Triadó",
        "name": "Limehome Barcelona Rector Triadó",
        "name:es": "limehome Barcelona",
        "tourism": "hotel",
        "website": "https://limehome.com/",
        "nearest_route_m": 1602.42,
        "nearby_routes_count": 0,
        "closeness_score": 0.0,
        "variety_score": 0.0,
        "running_accessibility_score": 0.0,
        "running_category": "Very poor"
      },
      "geometry": {
        "type": "Point",
        "coordinates": [
          2.1440026,
          41.377274
        ]
      },
      "id": "node/4743820596"
    },
    {
      "type": "Feature",
      "properties": {
        "@id": "node/4776374524",
        "check_date": "2024-10-16",
        "name": "Hotel Everest",
        "name:es": "Hotel Everest",
        "tourism": "hotel",
        "nearest_route_m": 1213.59,
        "nearby_routes_count": 0,
        "closeness_score": 0.0,
        "variety_score": 0.0,
        "running_accessibility_score": 0.0,
        "running_category": "Very poor"
      },
      "geometry": {
        "type": "Point",
        "coordinates": [
          2.1733487,
          41.411395
        ]
      },
      "id": "node/4776374524"
    },
    {
      "type": "Feature",
      "properties": {
        "@id": "node/4789881020",
        "addr:city": "Barcelona",
        "addr:housenumber": "25",
        "addr:street": "Carrer del Carme",
        "breakfast": "yes",
        "internet_access": "wlan",
        "name": "TOC Hotel Las Ramblas",
        "tourism": "hotel",
        "website": "https://www.hotelcurious.com/",
        "nearest_route_m": 943.32,
        "nearby_routes_count": 1,
        "closeness_score": 0.0567,
        "variety_score": 0.25,
        "running_accessibility_score": 9.53,
        "running_category": "Very poor"
      },
      "geometry": {
        "type": "Point",
        "coordinates": [
          2.1705179,
          41.3823086
        ]
      },
      "id": "node/4789881020"
    },
    {
      "type": "Feature",
      "properties": {
        "@id": "node/4822775600",
        "name": "Hotel Europark",
        "phone": "+34 93 457 92 05",
        "tourism": "hotel",
        "website": "https://www.hoteleuropark.com/",
        "wikidata": "Q112011992",
        "nearest_route_m": 287.19,
        "nearby_routes_count": 1,
        "closeness_score": 0.7128,
        "variety_score": 0.25,
        "running_accessibility_score": 62.03,
        "running_category": "Good"
      },
      "geometry": {
        "type": "Point",
        "coordinates": [
          2.1700203,
          41.3963077
        ]
      },
      "id": "node/4822775600"
    },
    {
      "type": "Feature",
      "properties": {
        "@id": "node/4827096622",
        "addr:housenumber": "238",
        "addr:postcode": "08008",
        "addr:street": "Carrer del Rosselló",
        "description": "Stadthotel",
        "email": "info@hotelactual.com",
        "name": "Hotel Actual Boutique",
        "phone": "+34 935520550",
        "stars": "3",
        "tourism": "hotel",
        "website": "https://www.hotelactual.com/",
        "wheelchair": "yes",
        "nearest_route_m": 82.16,
        "nearby_routes_count": 1,
        "closeness_score": 0.9178,
        "variety_score": 0.25,
        "running_accessibility_score": 78.43,
        "running_category": "Good"
      },
      "geometry": {
        "type": "Point",
        "coordinates": [
          2.1611271,
          41.3960188
        ]
      },
      "id": "node/4827096622"
    },
    {
      "type": "Feature",
      "properties": {
        "@id": "node/4870414121",
        "tourism": "hotel",
        "name": "Rambla de Mar Apartments by Blossom Hotels",
        "nearest_route_m": 363.85,
        "nearby_routes_count": 1,
        "closeness_score": 0.6361,
        "variety_score": 0.25,
        "running_accessibility_score": 55.89,
        "running_category": "Acceptable"
      },
      "geometry": {
        "type": "Point",
        "coordinates": [
          2.1746458,
          41.377495
        ]
      },
      "id": "node/4870414121"
    },
    {
      "type": "Feature",
      "properties": {
        "@id": "node/5042283737",
        "name": "Citadines",
        "tourism": "hotel",
        "wheelchair": "yes",
        "nearest_route_m": 970.9,
        "nearby_routes_count": 1,
        "closeness_score": 0.0291,
        "variety_score": 0.25,
        "running_accessibility_score": 7.33,
        "running_category": "Very poor"
      },
      "geometry": {
        "type": "Point",
        "coordinates": [
          2.1714279,
          41.383908
        ]
      },
      "id": "node/5042283737"
    },
    {
      "type": "Feature",
      "properties": {
        "@id": "node/5046153105",
        "addr:city": "Barcelona",
        "addr:housenumber": "327",
        "addr:postcode": "08014",
        "addr:street": "Gran Via de les Corts Catalanes",
        "internet_access:fee": "no",
        "name": "Hotel Azul",
        "phone": "+34 934 25 51 61",
        "tourism": "hotel",
        "website": "https://www.hotel-azulbarcelona.com/es/",
        "nearest_route_m": 2101.88,
        "nearby_routes_count": 0,
        "closeness_score": 0.0,
        "variety_score": 0.0,
        "running_accessibility_score": 0.0,
        "running_category": "Very poor"
      },
      "geometry": {
        "type": "Point",
        "coordinates": [
          2.1459815,
          41.3730289
        ]
      },
      "id": "node/5046153105"
    },
    {
      "type": "Feature",
      "properties": {
        "@id": "node/5167299003",
        "addr:city": "Barcelona",
        "addr:housenumber": "11",
        "addr:postcode": "08001",
        "addr:street": "Carrer de la Junta del Comerç",
        "name": "Hostal La Terrassa",
        "tourism": "hotel",
        "website": "https://laterrassa-barcelona.com/",
        "nearest_route_m": 739.36,
        "nearby_routes_count": 1,
        "closeness_score": 0.2606,
        "variety_score": 0.25,
        "running_accessibility_score": 25.85,
        "running_category": "Poor"
      },
      "geometry": {
        "type": "Point",
        "coordinates": [
          2.1714338,
          41.3800248
        ]
      },
      "id": "node/5167299003"
    },
    {
      "type": "Feature",
      "properties": {
        "@id": "node/5312110608",
        "name": "Eurostars Barcelona Central",
        "tourism": "hotel",
        "nearest_route_m": 482.68,
        "nearby_routes_count": 1,
        "closeness_score": 0.5173,
        "variety_score": 0.25,
        "running_accessibility_score": 46.39,
        "running_category": "Acceptable"
      },
      "geometry": {
        "type": "Point",
        "coordinates": [
          2.167553,
          41.3938311
        ]
      },
      "id": "node/5312110608"
    },
    {
      "type": "Feature",
      "properties": {
        "@id": "node/5314995152",
        "addr:city": "Barcelona",
        "addr:housenumber": "11-13",
        "addr:postcode": "08018",
        "addr:street": "Passeig de Pujades",
        "air_conditioning": "yes",
        "bar": "yes",
        "brand": "Motel One",
        "brand:wikidata": "Q391080",
        "brand:wikipedia": "en:Motel One",
        "contact:email": "barcelona-ciutadella@motel-one.com",
        "internet_access": "yes",
        "internet_access:fee": "no",
        "internet_access:ssid": "Motel One Guest Wi-Fi",
        "name": "Motel One",
        "phone": "+34 93 626 19 00",
        "tourism": "hotel",
        "website": "https://www.motel-one.com/es/hoteles/barcelona/hotel-barcelona-ciutadella/",
        "wheelchair": "yes",
        "nearest_route_m": 1031.25,
        "nearby_routes_count": 0,
        "closeness_score": 0.0,
        "variety_score": 0.0,
        "running_accessibility_score": 0.0,
        "running_category": "Very poor"
      },
      "geometry": {
        "type": "Point",
        "coordinates": [
          2.1845713,
          41.390164
        ]
      },
      "id": "node/5314995152"
    },
    {
      "type": "Feature",
      "properties": {
        "@id": "node/5339680002",
        "addr:city": "Barcelona",
        "addr:housenumber": "27",
        "addr:postcode": "08007",
        "addr:street": "Rambla de Catalunya",
        "name": "Hotel Praktik Rambla",
        "phone": "+34 933436690",
        "tourism": "hotel",
        "website": "https://www.hotelpraktikrambla.com/",
        "wheelchair": "limited",
        "nearest_route_m": 940.93,
        "nearby_routes_count": 1,
        "closeness_score": 0.0591,
        "variety_score": 0.25,
        "running_accessibility_score": 9.73,
        "running_category": "Very poor"
      },
      "geometry": {
        "type": "Point",
        "coordinates": [
          2.1658933,
          41.3890624
        ]
      },
      "id": "node/5339680002"
    },
    {
      "type": "Feature",
      "properties": {
        "@id": "node/5353034128",
        "addr:city": "Barcelona",
        "addr:housenumber": "660",
        "addr:postcode": "08010",
        "addr:street": "Gran Via de les Corts Catalanes",
        "name": "BUHO Boutique Hotel",
        "phone": "+34 937687382",
        "tourism": "hotel",
        "website": "https://www.buhohotel.es/",
        "nearest_route_m": 859.65,
        "nearby_routes_count": 1,
        "closeness_score": 0.1403,
        "variety_score": 0.25,
        "running_accessibility_score": 16.23,
        "running_category": "Very poor"
      },
      "geometry": {
        "type": "Point",
        "coordinates": [
          2.1709701,
          41.3911105
        ]
      },
      "id": "node/5353034128"
    },
    {
      "type": "Feature",
      "properties": {
        "@id": "node/5436265678",
        "addr:housenumber": "2-4",
        "addr:street": "Passatge de la Banca",
        "internet_access": "wlan",
        "internet_access:fee": "no",
        "name": "Pillow by Ramblas",
        "tourism": "hotel",
        "nearest_route_m": 140.24,
        "nearby_routes_count": 1,
        "closeness_score": 0.8598,
        "variety_score": 0.25,
        "running_accessibility_score": 73.78,
        "running_category": "Good"
      },
      "geometry": {
        "type": "Point",
        "coordinates": [
          2.1774263,
          41.3770603
        ]
      },
      "id": "node/5436265678"
    },
    {
      "type": "Feature",
      "properties": {
        "@id": "node/5459170221",
        "addr:housenumber": "51",
        "addr:street": "Carrer de Balmes",
        "check_date": "2025-07-05",
        "internet_access": "wlan",
        "internet_access:fee": "customers",
        "name": "Hotel Praktik Vinoteca",
        "opening_hours": "24/7",
        "payment:cash": "yes",
        "payment:credit_cards": "yes",
        "payment:debit_cards": "yes",
        "tourism": "hotel",
        "website": "https://www.hotelpraktikvinoteca.com",
        "nearest_route_m": 821.64,
        "nearby_routes_count": 1,
        "closeness_score": 0.1784,
        "variety_score": 0.25,
        "running_accessibility_score": 19.27,
        "running_category": "Very poor"
      },
      "geometry": {
        "type": "Point",
        "coordinates": [
          2.1624013,
          41.3893171
        ]
      },
      "id": "node/5459170221"
    },
    {
      "type": "Feature",
      "properties": {
        "@id": "node/5535975927",
        "addr:housenumber": "26",
        "addr:street": "Carrer de Trafalgar",
        "alt_name": "Yurban Passatge",
        "check_date": "2024-07-03",
        "name": "Yurbban Passage Hotel & Spa",
        "survey:date": "2024-01-20",
        "tourism": "hotel",
        "nearest_route_m": 1065.16,
        "nearby_routes_count": 0,
        "closeness_score": 0.0,
        "variety_score": 0.0,
        "running_accessibility_score": 0.0,
        "running_category": "Very poor"
      },
      "geometry": {
        "type": "Point",
        "coordinates": [
          2.1759261,
          41.3888147
        ]
      },
      "id": "node/5535975927"
    },
    {
      "type": "Feature",
      "properties": {
        "@id": "node/5540994691",
        "lgbtq": "primary",
        "name": "Axel TWO Barcelona",
        "toilets:wheelchair": "yes",
        "tourism": "hotel",
        "website": "https://www.axelhotels.com/de/axel-two-barcelona/hotel",
        "wheelchair": "yes",
        "nearest_route_m": 1730.55,
        "nearby_routes_count": 0,
        "closeness_score": 0.0,
        "variety_score": 0.0,
        "running_accessibility_score": 0.0,
        "running_category": "Very poor"
      },
      "geometry": {
        "type": "Point",
        "coordinates": [
          2.1560884,
          41.3790983
        ]
      },
      "id": "node/5540994691"
    },
    {
      "type": "Feature",
      "properties": {
        "@id": "node/5560053909",
        "addr:city": "Barcelona",
        "addr:housenumber": "44",
        "addr:postcode": "08002",
        "addr:street": "La Rambla",
        "name": "Hotel Fornos",
        "note": "despite postal address, entance is on Carrer de Colom",
        "tourism": "hotel",
        "website": "https://www.hotelfornos.net/",
        "wikidata": "Q47166659",
        "wikimedia_commons": "Category:Rambla 44 - Colom 2",
        "wikipedia": "ca:Casa Esperança Rabassa de Colombí",
        "nearest_route_m": 478.89,
        "nearby_routes_count": 1,
        "closeness_score": 0.5211,
        "variety_score": 0.25,
        "running_accessibility_score": 46.69,
        "running_category": "Acceptable"
      },
      "geometry": {
        "type": "Point",
        "coordinates": [
          2.1748841,
          41.3796673
        ]
      },
      "id": "node/5560053909"
    },
    {
      "type": "Feature",
      "properties": {
        "@id": "node/5646243645",
        "name": "Wilson Boutique Hotel",
        "name:es": "Wilson Boutique Hotel",
        "tourism": "hotel",
        "wikidata": "Q111389444",
        "wikimedia_commons": "Category:Wilson Boutique Hotel",
        "nearest_route_m": 38.19,
        "nearby_routes_count": 1,
        "closeness_score": 0.9618,
        "variety_score": 0.25,
        "running_accessibility_score": 81.94,
        "running_category": "Excellent"
      },
      "geometry": {
        "type": "Point",
        "coordinates": [
          2.1501533,
          41.3944017
        ]
      },
      "id": "node/5646243645"
    },
    {
      "type": "Feature",
      "properties": {
        "@id": "node/5673031344",
        "brand": "H10 Hotels",
        "brand:wikidata": "Q1562646",
        "covered": "yes",
        "name": "H10 Madison",
        "name:ca": "H10 Madison",
        "outdoor_seating": "roof",
        "outdoor_seating:bar": "roof",
        "outdoor_seating:breakfast": "no",
        "stars": "4S",
        "tourism": "hotel",
        "wheelchair": "yes",
        "nearest_route_m": 848.95,
        "nearby_routes_count": 1,
        "closeness_score": 0.1511,
        "variety_score": 0.25,
        "running_accessibility_score": 17.08,
        "running_category": "Very poor"
      },
      "geometry": {
        "type": "Point",
        "coordinates": [
          2.1754224,
          41.3860937
        ]
      },
      "id": "node/5673031344"
    },
    {
      "type": "Feature",
      "properties": {
        "@id": "node/5785043527",
        "name": "May Ramblas Hotel",
        "tourism": "hotel",
        "nearest_route_m": 688.18,
        "nearby_routes_count": 1,
        "closeness_score": 0.3118,
        "variety_score": 0.25,
        "running_accessibility_score": 29.95,
        "running_category": "Poor"
      },
      "geometry": {
        "type": "Point",
        "coordinates": [
          2.1734483,
          41.3815136
        ]
      },
      "id": "node/5785043527"
    },
    {
      "type": "Feature",
      "properties": {
        "@id": "node/5786853529",
        "addr:city": "Barcelona",
        "addr:housenumber": "14",
        "addr:postcode": "08003",
        "addr:street": "Avinguda de Francesc Cambó",
        "name": "The Barcelona EDITION",
        "tourism": "hotel",
        "wikidata": "Q111872217",
        "nearest_route_m": 716.92,
        "nearby_routes_count": 1,
        "closeness_score": 0.2831,
        "variety_score": 0.25,
        "running_accessibility_score": 27.65,
        "running_category": "Poor"
      },
      "geometry": {
        "type": "Point",
        "coordinates": [
          2.1778381,
          41.3860095
        ]
      },
      "id": "node/5786853529"
    },
    {
      "type": "Feature",
      "properties": {
        "@id": "node/5794202351",
        "addr:housenumber": "5",
        "addr:street": "Via Augusta",
        "contact:email": "balmoral@abbahoteles.com",
        "contact:phone": "+34 93 217 87 00",
        "contact:website": "https://www.abbahoteles.com/es/destinos/hotel-balmoral/hotel.html",
        "internet_access": "wlan",
        "internet_access:fee": "no",
        "name": "Hotel Balmoral",
        "operator": "Abba Hoteles",
        "rooms": "103",
        "stars": "4",
        "tourism": "hotel",
        "wikidata": "Q111389458",
        "nearest_route_m": 89.95,
        "nearby_routes_count": 1,
        "closeness_score": 0.91,
        "variety_score": 0.25,
        "running_accessibility_score": 77.8,
        "running_category": "Good"
      },
      "geometry": {
        "type": "Point",
        "coordinates": [
          2.1551795,
          41.3961575
        ]
      },
      "id": "node/5794202351"
    },
    {
      "type": "Feature",
      "properties": {
        "@id": "node/5796867774",
        "addr:housename": "Casa Lorenzo Fradera",
        "addr:housenumber": "647",
        "addr:postcode": "08010",
        "addr:street": "Gran Via de les Corts Catalanes",
        "architect": "Josep Domínguez i Valls",
        "check_date": "2025-10-19",
        "name": "Gran Hotel Havana",
        "phone": "+34933417000",
        "stars": "4",
        "tourism": "hotel",
        "website": "https://www.granhotelhavana.com/",
        "wikidata": "Q111389547",
        "nearest_route_m": 721.61,
        "nearby_routes_count": 1,
        "closeness_score": 0.2784,
        "variety_score": 0.25,
        "running_accessibility_score": 27.27,
        "running_category": "Poor"
      },
      "geometry": {
        "type": "Point",
        "coordinates": [
          2.1720252,
          41.3926865
        ]
      },
      "id": "node/5796867774"
    },
    {
      "type": "Feature",
      "properties": {
        "@id": "node/5839996585",
        "addr:city": "Barcelona",
        "addr:housenumber": "32",
        "addr:postcode": "08029",
        "addr:street": "Carrer de Numància",
        "air_conditioning": "yes",
        "email": "abba-sants@abbahoteles.com",
        "internet_access": "wlan",
        "internet_access:fee": "customers",
        "name": "Hotel abba Sants",
        "phone": "+34 93 600 31 00",
        "tourism": "hotel",
        "website": "https://www.abbahoteles.com/en/destinations/abba-sants-hotel/hotel.html",
        "wikidata": "Q111389413",
        "nearest_route_m": 939.3,
        "nearby_routes_count": 1,
        "closeness_score": 0.0607,
        "variety_score": 0.25,
        "running_accessibility_score": 9.86,
        "running_category": "Very poor"
      },
      "geometry": {
        "type": "Point",
        "coordinates": [
          2.1400785,
          41.3825837
        ]
      },
      "id": "node/5839996585"
    },
    {
      "type": "Feature",
      "properties": {
        "@id": "node/5916148106",
        "addr:housenumber": "340",
        "addr:street": "Carrer de Provença",
        "brand": "Ibis",
        "brand:wikidata": "Q920166",
        "building:levels:underground": "1",
        "internet_access": "wlan",
        "internet_access:fee": "no",
        "name": "Hotel Ibis Styles Barcelona Centre",
        "tourism": "hotel",
        "wheelchair": "designated",
        "nearest_route_m": 19.03,
        "nearby_routes_count": 1,
        "closeness_score": 0.981,
        "variety_score": 0.25,
        "running_accessibility_score": 83.48,
        "running_category": "Excellent"
      },
      "geometry": {
        "type": "Point",
        "coordinates": [
          2.1657002,
          41.3977681
        ]
      },
      "id": "node/5916148106"
    },
    {
      "type": "Feature",
      "properties": {
        "@id": "node/5924253688",
        "addr:city": "Barcelona",
        "addr:housenumber": "9",
        "addr:postcode": "08001",
        "addr:street": "Carrer de Pelai",
        "email": "pelayo@hotelpelayo.com",
        "internet_access": "wlan",
        "internet_access:fee": "no",
        "name": "Hotel Pelayo Barcelona",
        "phone": "+34 93 302 37 27",
        "stars": "1",
        "tourism": "hotel",
        "website": "http://www.hotelpelayo.com/contacto/",
        "nearest_route_m": 1293.82,
        "nearby_routes_count": 0,
        "closeness_score": 0.0,
        "variety_score": 0.0,
        "running_accessibility_score": 0.0,
        "running_category": "Very poor"
      },
      "geometry": {
        "type": "Point",
        "coordinates": [
          2.1664552,
          41.3858527
        ]
      },
      "id": "node/5924253688"
    },
    {
      "type": "Feature",
      "properties": {
        "@id": "node/5924253695",
        "addr:city": "Barcelona",
        "addr:housenumber": "4",
        "addr:postcode": "08002",
        "addr:street": "Carrer del Cardenal Casañas",
        "email": "hostalparis@yahoo.es",
        "fax": "+34 93 412 70 96",
        "internet_access": "wlan",
        "internet_access:fee": "no",
        "name": "Hostal Paris",
        "phone": "+34 93 301 37 85",
        "rooms": "41",
        "stars": "1",
        "tourism": "hotel",
        "website": "https://www.hostalparisbarcelona.com/",
        "wheelchair": "no",
        "nearest_route_m": 684.67,
        "nearby_routes_count": 1,
        "closeness_score": 0.3153,
        "variety_score": 0.25,
        "running_accessibility_score": 30.23,
        "running_category": "Poor"
      },
      "geometry": {
        "type": "Point",
        "coordinates": [
          2.17346,
          41.3814673
        ]
      },
      "id": "node/5924253695"
    },
    {
      "type": "Feature",
      "properties": {
        "@id": "node/5931505157",
        "addr:city": "Barcelona",
        "addr:housenumber": "24",
        "addr:postcode": "08003",
        "addr:street": "Via Laietana",
        "brand": "H10 Hotels",
        "brand:wikidata": "Q1562646",
        "email": "h10.montcada@h10hotels.com",
        "fax": "+34 93 310 07 47",
        "name": "H10 Montcada",
        "name:ca": "H10 Montcada",
        "phone": "+34 93 268 85 70",
        "stars": "3",
        "tourism": "hotel",
        "website": "https://www.h10hotels.com/es/hoteles-barcelona/h10-montcada",
        "nearest_route_m": 534.96,
        "nearby_routes_count": 1,
        "closeness_score": 0.465,
        "variety_score": 0.25,
        "running_accessibility_score": 42.2,
        "running_category": "Acceptable"
      },
      "geometry": {
        "type": "Point",
        "coordinates": [
          2.1784312,
          41.3843154
        ]
      },
      "id": "node/5931505157"
    },
    {
      "type": "Feature",
      "properties": {
        "@id": "node/5944499787",
        "addr:city": "Barcelona",
        "addr:postcode": "08014",
        "description": "101 and 103 has large balconies. 102 has a small one",
        "internet_access": "wlan",
        "name": "SmartRoom",
        "tourism": "hotel",
        "website": "https://www.smartroombarcelona.com/ca/",
        "wheelchair": "yes",
        "nearest_route_m": 1962.93,
        "nearby_routes_count": 0,
        "closeness_score": 0.0,
        "variety_score": 0.0,
        "running_accessibility_score": 0.0,
        "running_category": "Very poor"
      },
      "geometry": {
        "type": "Point",
        "coordinates": [
          2.1368469,
          41.372049
        ]
      },
      "id": "node/5944499787"
    },
    {
      "type": "Feature",
      "properties": {
        "@id": "node/6005374273",
        "brand": "H10 Hotels",
        "brand:wikidata": "Q1562646",
        "name": "H10 Metrepolitian",
        "tourism": "hotel",
        "wheelchair": "yes",
        "nearest_route_m": 1121.99,
        "nearby_routes_count": 0,
        "closeness_score": 0.0,
        "variety_score": 0.0,
        "running_accessibility_score": 0.0,
        "running_category": "Very poor"
      },
      "geometry": {
        "type": "Point",
        "coordinates": [
          2.167654,
          41.3877858
        ]
      },
      "id": "node/6005374273"
    },
    {
      "type": "Feature",
      "properties": {
        "@id": "node/6050643558",
        "internet_access": "wlan",
        "name": "128 magatzem",
        "tourism": "hotel",
        "wheelchair": "limited",
        "nearest_route_m": 1450.61,
        "nearby_routes_count": 0,
        "closeness_score": 0.0,
        "variety_score": 0.0,
        "running_accessibility_score": 0.0,
        "running_category": "Very poor"
      },
      "geometry": {
        "type": "Point",
        "coordinates": [
          2.1534681,
          41.3810975
        ]
      },
      "id": "node/6050643558"
    },
    {
      "type": "Feature",
      "properties": {
        "@id": "node/6052329520",
        "addr:housenumber": "14",
        "addr:postcode": "08002",
        "addr:street": "Carrer de Jaume I",
        "name": "Hotel Gótico",
        "tourism": "hotel",
        "wikidata": "Q47170741",
        "wikimedia_commons": "Category:Hotel Gòtic",
        "wikipedia": "ca:Hotel Gòtic",
        "nearest_route_m": 473.5,
        "nearby_routes_count": 1,
        "closeness_score": 0.5265,
        "variety_score": 0.25,
        "running_accessibility_score": 47.12,
        "running_category": "Acceptable"
      },
      "geometry": {
        "type": "Point",
        "coordinates": [
          2.1781998,
          41.3834038
        ]
      },
      "id": "node/6052329520"
    },
    {
      "type": "Feature",
      "properties": {
        "@id": "node/6055698365",
        "addr:housenumber": "4",
        "addr:postcode": "08002",
        "addr:street": "Carrer de l'Arc de Sant Ramon del Call",
        "name": "Hotel El Call",
        "tourism": "hotel",
        "nearest_route_m": 571.35,
        "nearby_routes_count": 1,
        "closeness_score": 0.4286,
        "variety_score": 0.25,
        "running_accessibility_score": 39.29,
        "running_category": "Poor"
      },
      "geometry": {
        "type": "Point",
        "coordinates": [
          2.1757084,
          41.3822821
        ]
      },
      "id": "node/6055698365"
    },
    {
      "type": "Feature",
      "properties": {
        "@id": "node/6064353274",
        "addr:housenumber": "40",
        "addr:postcode": "08002",
        "addr:street": "Carrer de Ferran",
        "name": "Hotel Rialto",
        "tourism": "hotel",
        "nearest_route_m": 504.02,
        "nearby_routes_count": 1,
        "closeness_score": 0.496,
        "variety_score": 0.25,
        "running_accessibility_score": 44.68,
        "running_category": "Acceptable"
      },
      "geometry": {
        "type": "Point",
        "coordinates": [
          2.1764309,
          41.3820096
        ]
      },
      "id": "node/6064353274"
    },
    {
      "type": "Feature",
      "properties": {
        "@id": "node/6064620529",
        "addr:city": "Barcelona",
        "addr:housenumber": "158",
        "addr:postcode": "08037",
        "addr:street": "Carrer de Girona",
        "building": "yes",
        "check_date": "2023-10-10",
        "internet_access": "wlan",
        "name": "Hotel Well and Come",
        "operator": "Well and Come Barcelona",
        "rooms": "42",
        "stars": "4",
        "tourism": "hotel",
        "wikidata": "Q111389508",
        "nearest_route_m": 131.11,
        "nearby_routes_count": 1,
        "closeness_score": 0.8689,
        "variety_score": 0.25,
        "running_accessibility_score": 74.51,
        "running_category": "Good"
      },
      "geometry": {
        "type": "Point",
        "coordinates": [
          2.1656224,
          41.3991742
        ]
      },
      "id": "node/6064620529"
    },
    {
      "type": "Feature",
      "properties": {
        "@id": "node/6093396008",
        "name": "Senator",
        "tourism": "hotel",
        "nearest_route_m": 763.86,
        "nearby_routes_count": 1,
        "closeness_score": 0.2361,
        "variety_score": 0.25,
        "running_accessibility_score": 23.89,
        "running_category": "Poor"
      },
      "geometry": {
        "type": "Point",
        "coordinates": [
          2.1135678,
          41.3775734
        ]
      },
      "id": "node/6093396008"
    },
    {
      "type": "Feature",
      "properties": {
        "@id": "node/6101403906",
        "addr:city": "Barcelona",
        "addr:housenumber": "383",
        "addr:postcode": "08013",
        "addr:street": "Carrer de la Diputació",
        "contact:email": "info.carlit@grupserhs.com",
        "contact:phone": "+34 935052600",
        "contact:website": "https://www.hotelserhscarlit.com/",
        "name": "Sehrs Carlit",
        "tourism": "hotel",
        "nearest_route_m": 351.18,
        "nearby_routes_count": 1,
        "closeness_score": 0.6488,
        "variety_score": 0.25,
        "running_accessibility_score": 56.91,
        "running_category": "Acceptable"
      },
      "geometry": {
        "type": "Point",
        "coordinates": [
          2.17581,
          41.3971552
        ]
      },
      "id": "node/6101403906"
    },
    {
      "type": "Feature",
      "properties": {
        "@id": "node/6131107216",
        "addr:housenumber": "17",
        "addr:postcode": "08003",
        "addr:street": "Via Laietana",
        "brand": "Exe Hotels",
        "brand:wikidata": "Q30880716",
        "email": "info@exelaietanapalace.com",
        "name": "Exe Hotel Laietana Palace",
        "phone": "+34932687940",
        "tourism": "hotel",
        "website": "https://www.eurostarshotels.com/exe-laietana-palace.html",
        "wikidata": "Q111389566",
        "nearest_route_m": 404.0,
        "nearby_routes_count": 1,
        "closeness_score": 0.596,
        "variety_score": 0.25,
        "running_accessibility_score": 52.68,
        "running_category": "Acceptable"
      },
      "geometry": {
        "type": "Point",
        "coordinates": [
          2.1793149,
          41.3833373
        ]
      },
      "id": "node/6131107216"
    },
    {
      "type": "Feature",
      "properties": {
        "@id": "node/6169154773",
        "addr:housenumber": "38",
        "addr:street": "Carrer de la França Xica",
        "internet_access": "wlan",
        "name": "La França Travellers",
        "opening_hours": "24/7",
        "phone": "+34 934231417",
        "tourism": "hotel",
        "website": "https://lafransatravellers.com",
        "nearest_route_m": 1791.38,
        "nearby_routes_count": 0,
        "closeness_score": 0.0,
        "variety_score": 0.0,
        "running_accessibility_score": 0.0,
        "running_category": "Very poor"
      },
      "geometry": {
        "type": "Point",
        "coordinates": [
          2.157403063662641,
          41.37223422975172
        ]
      },
      "id": "node/6169154773"
    },
    {
      "type": "Feature",
      "properties": {
        "@id": "node/6197384214",
        "addr:door": "3",
        "addr:housenumber": "212",
        "addr:street": "Carrer de Muntaner",
        "contact:email": "reservas@guitarthotels.com",
        "contact:phone": "+34 97 2 347 034",
        "contact:website": "https://www.guitarthotels.com/en/hotel-guitart-grand-passage/hotel-guitart-grand-passage-4-stars-barcelona/",
        "name": "Guitart Grand Passage",
        "stars": "4",
        "tourism": "hotel",
        "wikidata": "Q111872181",
        "nearest_route_m": 62.53,
        "nearby_routes_count": 1,
        "closeness_score": 0.9375,
        "variety_score": 0.25,
        "running_accessibility_score": 80.0,
        "running_category": "Excellent"
      },
      "geometry": {
        "type": "Point",
        "coordinates": [
          2.1505631,
          41.3935483
        ]
      },
      "id": "node/6197384214"
    },
    {
      "type": "Feature",
      "properties": {
        "@id": "node/6204095919",
        "addr:city": "Barcelona",
        "addr:housenumber": "178",
        "addr:postcode": "08036",
        "addr:street": "Carrer de Mallorca",
        "email": "thecornerhotel@nnhotels.com",
        "internet_access": "wlan",
        "internet_access:fee": "customers",
        "name": "The Corner",
        "phone": "+34 93 5542400",
        "tourism": "hotel",
        "website": "https://www.thecornerhotel-barcelona.com/",
        "wheelchair": "yes",
        "wikidata": "Q111389452",
        "wikimedia_commons": "File:The Corner Hotel.jpg",
        "nearest_route_m": 697.43,
        "nearby_routes_count": 1,
        "closeness_score": 0.3026,
        "variety_score": 0.25,
        "running_accessibility_score": 29.21,
        "running_category": "Poor"
      },
      "geometry": {
        "type": "Point",
        "coordinates": [
          2.156621,
          41.3890429
        ]
      },
      "id": "node/6204095919"
    },
    {
      "type": "Feature",
      "properties": {
        "@id": "node/6204114086",
        "addr:city": "Barcelona",
        "addr:housenumber": "103-105",
        "addr:postcode": "08008",
        "addr:street": "Carrer de Balmes",
        "check_date": "2025-03-25",
        "contact:phone": "+34902202345",
        "name": "Hotel Barcelona Center",
        "tourism": "hotel",
        "wheelchair": "yes",
        "nearest_route_m": 496.8,
        "nearby_routes_count": 1,
        "closeness_score": 0.5032,
        "variety_score": 0.25,
        "running_accessibility_score": 45.26,
        "running_category": "Acceptable"
      },
      "geometry": {
        "type": "Point",
        "coordinates": [
          2.1592877,
          41.3916188
        ]
      },
      "id": "node/6204114086"
    },
    {
      "type": "Feature",
      "properties": {
        "@id": "node/6206164328",
        "addr:city": "Barcelona",
        "addr:housenumber": "181",
        "addr:postcode": "08036",
        "addr:street": "Carrer de Mallorca",
        "contact:website": "https://www.bestwestern.com/",
        "name": "Best Western Premier Hotel Dante",
        "operator": "Best Western",
        "phone": "+34 933232254",
        "stars": "4",
        "tourism": "hotel",
        "wikidata": "Q111389457",
        "nearest_route_m": 655.48,
        "nearby_routes_count": 1,
        "closeness_score": 0.3445,
        "variety_score": 0.25,
        "running_accessibility_score": 32.56,
        "running_category": "Poor"
      },
      "geometry": {
        "type": "Point",
        "coordinates": [
          2.1564945,
          41.3894095
        ]
      },
      "id": "node/6206164328"
    },
    {
      "type": "Feature",
      "properties": {
        "@id": "node/6223019744",
        "addr:housenumber": "574",
        "addr:postcode": "08011",
        "addr:street": "Gran Vía de les Corts Catalanes",
        "email": "caledonian@hotel-caledonian.com",
        "internet_access": "yes",
        "name": "Caledonian",
        "opening_hours": "24/7",
        "operator": "Jamalda Hotels",
        "phone": "+34 934 53 02 00",
        "rooms": "57",
        "stars": "3",
        "tourism": "hotel",
        "website": "https://www.hotel-caledonian.com/",
        "nearest_route_m": 1346.18,
        "nearby_routes_count": 0,
        "closeness_score": 0.0,
        "variety_score": 0.0,
        "running_accessibility_score": 0.0,
        "running_category": "Very poor"
      },
      "geometry": {
        "type": "Point",
        "coordinates": [
          2.1619248,
          41.3842163
        ]
      },
      "id": "node/6223019744"
    },
    {
      "type": "Feature",
      "properties": {
        "@id": "node/6245391584",
        "name": "Acacia",
        "tourism": "hotel",
        "nearest_route_m": 678.72,
        "nearby_routes_count": 1,
        "closeness_score": 0.3213,
        "variety_score": 0.25,
        "running_accessibility_score": 30.7,
        "running_category": "Poor"
      },
      "geometry": {
        "type": "Point",
        "coordinates": [
          2.1512933,
          41.3878804
        ]
      },
      "id": "node/6245391584"
    },
    {
      "type": "Feature",
      "properties": {
        "@id": "node/6246543818",
        "name": "Hotel Ciutadella Barcelona",
        "tourism": "hotel",
        "nearest_route_m": 331.11,
        "nearby_routes_count": 1,
        "closeness_score": 0.6689,
        "variety_score": 0.25,
        "running_accessibility_score": 58.51,
        "running_category": "Acceptable"
      },
      "geometry": {
        "type": "Point",
        "coordinates": [
          2.1847211,
          41.3838586
        ]
      },
      "id": "node/6246543818"
    },
    {
      "type": "Feature",
      "properties": {
        "@id": "node/6246552272",
        "addr:city": "Barcelona",
        "addr:housenumber": "5",
        "addr:postcode": "08018",
        "addr:street": "Passeig de Pujades",
        "email": "reservas@ciudadelaparc.com",
        "mobile": "+34 647 886 651",
        "name": "Hotel Ciudadela Parc",
        "phone": "+34 933 099 557",
        "tourism": "hotel",
        "website": "https://www.ciudadelaparc.com/",
        "nearest_route_m": 956.43,
        "nearby_routes_count": 1,
        "closeness_score": 0.0436,
        "variety_score": 0.25,
        "running_accessibility_score": 8.49,
        "running_category": "Very poor"
      },
      "geometry": {
        "type": "Point",
        "coordinates": [
          2.1837346,
          41.3894606
        ]
      },
      "id": "node/6246552272"
    },
    {
      "type": "Feature",
      "properties": {
        "@id": "node/6291317578",
        "addr:city": "Barcelona",
        "addr:housenumber": "21",
        "addr:postcode": "08002",
        "addr:street": "Carrer de la Boqueria",
        "internet_access": "yes",
        "name": "Hotel Palermo",
        "phone": "+34 934 81 53 31",
        "tourism": "hotel",
        "website": "http://palermo.hotelbcn-barcelona.com",
        "nearest_route_m": 644.81,
        "nearby_routes_count": 1,
        "closeness_score": 0.3552,
        "variety_score": 0.25,
        "running_accessibility_score": 33.42,
        "running_category": "Poor"
      },
      "geometry": {
        "type": "Point",
        "coordinates": [
          2.1740616,
          41.3815204
        ]
      },
      "id": "node/6291317578"
    },
    {
      "type": "Feature",
      "properties": {
        "@id": "node/6302102606",
        "name": "La casa de Antonio Boutique Rooms",
        "tourism": "hotel",
        "nearest_route_m": 1295.0,
        "nearby_routes_count": 0,
        "closeness_score": 0.0,
        "variety_score": 0.0,
        "running_accessibility_score": 0.0,
        "running_category": "Very poor"
      },
      "geometry": {
        "type": "Point",
        "coordinates": [
          2.1627957,
          41.3849213
        ]
      },
      "id": "node/6302102606"
    },
    {
      "type": "Feature",
      "properties": {
        "@id": "node/6326878285",
        "addr:city": "Barcelona",
        "addr:housenumber": "289",
        "addr:postcode": "08008",
        "addr:street": "Carrer de Còrsega",
        "name": "Hotel Ohla Eixample",
        "phone": "+34 937 377 977",
        "stars": "5",
        "tourism": "hotel",
        "website": "https://www.ohlaeixample.com",
        "wikidata": "Q111872190",
        "nearest_route_m": 113.61,
        "nearby_routes_count": 1,
        "closeness_score": 0.8864,
        "variety_score": 0.25,
        "running_accessibility_score": 75.91,
        "running_category": "Good"
      },
      "geometry": {
        "type": "Point",
        "coordinates": [
          2.1565496,
          41.394569
        ]
      },
      "id": "node/6326878285"
    },
    {
      "type": "Feature",
      "properties": {
        "@id": "node/6343312451",
        "name": "Leonardo Boutique Hotel Barcelona Sagrada Familia",
        "tourism": "hotel",
        "nearest_route_m": 845.45,
        "nearby_routes_count": 1,
        "closeness_score": 0.1546,
        "variety_score": 0.25,
        "running_accessibility_score": 17.36,
        "running_category": "Very poor"
      },
      "geometry": {
        "type": "Point",
        "coordinates": [
          2.1856144,
          41.4109807
        ]
      },
      "id": "node/6343312451"
    },
    {
      "type": "Feature",
      "properties": {
        "@id": "node/6343324683",
        "brand": "htop",
        "name": "HTOP BCN City",
        "stars": "2",
        "tourism": "hotel",
        "wheelchair": "yes",
        "nearest_route_m": 1172.08,
        "nearby_routes_count": 0,
        "closeness_score": 0.0,
        "variety_score": 0.0,
        "running_accessibility_score": 0.0,
        "running_category": "Very poor"
      },
      "geometry": {
        "type": "Point",
        "coordinates": [
          2.1732084,
          41.4109656
        ]
      },
      "id": "node/6343324683"
    },
    {
      "type": "Feature",
      "properties": {
        "@id": "node/6343359569",
        "name": "Hotel Colors",
        "tourism": "hotel",
        "nearest_route_m": 2802.4,
        "nearby_routes_count": 0,
        "closeness_score": 0.0,
        "variety_score": 0.0,
        "running_accessibility_score": 0.0,
        "running_category": "Very poor"
      },
      "geometry": {
        "type": "Point",
        "coordinates": [
          2.1536787,
          41.435178
        ]
      },
      "id": "node/6343359569"
    },
    {
      "type": "Feature",
      "properties": {
        "@id": "node/6343389028",
        "name": "Hotel Boutique Hostemplo",
        "tourism": "hotel",
        "nearest_route_m": 145.63,
        "nearby_routes_count": 1,
        "closeness_score": 0.8544,
        "variety_score": 0.25,
        "running_accessibility_score": 73.35,
        "running_category": "Good"
      },
      "geometry": {
        "type": "Point",
        "coordinates": [
          2.1733663,
          41.4012585
        ]
      },
      "id": "node/6343389028"
    },
    {
      "type": "Feature",
      "properties": {
        "@id": "node/6357834149",
        "addr:city": "Barcelona",
        "addr:housenumber": "271",
        "addr:postcode": "08007",
        "addr:street": "Carrer d'Aragó",
        "brand": "Room Mate",
        "brand:wikidata": "Q26260849",
        "description": "Boutique hotel in Barcelona",
        "internet_access": "wlan",
        "internet_access:fee": "no",
        "name": "Room Mate Anna Hotel",
        "operator": "Room Mate",
        "smoking": "no",
        "source": "Ajuntament de Barcelona - CartoBCN (@2013-11-10)",
        "stars": "4",
        "tourism": "hotel",
        "website": "https://room-matehotels.com/en/anna/",
        "wikidata": "Q111389495",
        "nearest_route_m": 533.89,
        "nearby_routes_count": 1,
        "closeness_score": 0.4661,
        "variety_score": 0.25,
        "running_accessibility_score": 42.29,
        "running_category": "Acceptable"
      },
      "geometry": {
        "type": "Point",
        "coordinates": [
          2.1655105,
          41.3928313
        ]
      },
      "id": "node/6357834149"
    },
    {
      "type": "Feature",
      "properties": {
        "@id": "node/6357985809",
        "addr:city": "Barcelona",
        "addr:housenumber": "251",
        "addr:postcode": "08008",
        "addr:street": "Carrer de Mallorca",
        "brand": "Curio Collection by Hilton",
        "building": "apartments",
        "check_date": "2025-03-25",
        "contact:facebook": "https://www.facebook.com/alexandrabarcelonahotel",
        "contact:instagram": "https://www.instagram.com/alexandrabarcelonahotel",
        "contact:linkedin": "https://www.linkedin.com/company/alexandra-barcelona-hotel-curio-collection-by-hilton",
        "contact:twitter": "https://twitter.com/AlexandraHotel",
        "email": "reservations@hotel-alexandra.com",
        "entrance": "yes",
        "fax": "+34 93 4880258",
        "internet_access": "wlan",
        "name": "Alexandra Barcelona Hotel, Curio Collection by Hilton",
        "operator": "Hilton",
        "phone": "+34 93 4677166",
        "rooms": "116",
        "smoking": "no",
        "stars": "4",
        "tourism": "hotel",
        "website": "https://www.hilton.com/en/hotels/bcnmaqq-alexandra-barcelona-hotel/",
        "wikidata": "Q30276245",
        "nearest_route_m": 390.85,
        "nearby_routes_count": 1,
        "closeness_score": 0.6092,
        "variety_score": 0.25,
        "running_accessibility_score": 53.73,
        "running_category": "Acceptable"
      },
      "geometry": {
        "type": "Point",
        "coordinates": [
          2.1615252,
          41.3931876
        ]
      },
      "id": "node/6357985809"
    },
    {
      "type": "Feature",
      "properties": {
        "@id": "node/6357990252",
        "addr:city": "Barcelona",
        "addr:housenumber": "75",
        "addr:postcode": "08008",
        "addr:street": "Passeig de Gràcia",
        "air_conditioning": "yes",
        "bar": "yes",
        "building": "apartments",
        "description": "Monument Hotel 5*GL es un moderno y lujoso hotel situado en el corazón del emblemático Paseo de Gracia, la avenida comercial más elegante de Barcelona y una de las más exclusivas del mundo y el centro de la vida turística, cultural y de negocios de la ciu",
        "description:en": "Monument Hotel 5*GL is a modern and luxurious hotel located in the heart of the emblematic Paseo de Gracia, Barcelona's most elegant shopping avenue and one of the most exclusive in the world, and the centre of the city's tourist, cultural and business li",
        "email": "info@monumenthotel.com",
        "image": "https://api.fishhotels.com/api/sites/b0dc5ece-8d8c-46da-96ba-6252ecbc9c76/media-images/mh-fachada-2132-336.jpg?cw=1251&ch=1251&cx=375&cy=0&s=xxl&w=2000&h=2000",
        "internet_access": "wlan",
        "internet_access:fee": "no",
        "name": "Monument Hotel",
        "opening_hours": "24/7",
        "payment:cash": "yes",
        "payment:contactless": "yes",
        "payment:credit_cards": "yes",
        "payment:debit_cards": "yes",
        "payment:mastercard": "yes",
        "payment:visa": "yes",
        "phone": "+34 935482000",
        "rooms": "84",
        "smoking": "outside",
        "source": "Ajuntament de Barcelona - CartoBCN (@2013-11-10);local knowledge",
        "stars": "5",
        "tourism": "hotel",
        "website": "https://www.monumenthotel.com/es/hotel/",
        "wheelchair": "limited",
        "wikidata": "Q111409048",
        "nearest_route_m": 349.91,
        "nearby_routes_count": 1,
        "closeness_score": 0.6501,
        "variety_score": 0.25,
        "running_accessibility_score": 57.01,
        "running_category": "Acceptable"
      },
      "geometry": {
        "type": "Point",
        "coordinates": [
          2.162242,
          41.3937566
        ]
      },
      "id": "node/6357990252"
    },
    {
      "type": "Feature",
      "properties": {
        "@id": "node/6360711803",
        "addr:housenumber": "23",
        "addr:street": "Carrer de Balmes",
        "internet_access": "yes",
        "name": "EcoZentric",
        "tourism": "hotel",
        "website": "https://www.ecozentric.com/",
        "nearest_route_m": 1029.52,
        "nearby_routes_count": 0,
        "closeness_score": 0.0,
        "variety_score": 0.0,
        "running_accessibility_score": 0.0,
        "running_category": "Very poor"
      },
      "geometry": {
        "type": "Point",
        "coordinates": [
          2.1643576,
          41.387835
        ]
      },
      "id": "node/6360711803"
    },
    {
      "type": "Feature",
      "properties": {
        "@id": "node/6387020070",
        "description": "Apartments operated by Hotel Neri Relais & Chateaux at Carrer de Sant Sever 5.",
        "name": "Hotel Neri Apartments",
        "phone": "+34 933 04 06 55",
        "tourism": "hotel",
        "website": "https://www.hotelneri.com/es/",
        "nearest_route_m": 637.88,
        "nearby_routes_count": 1,
        "closeness_score": 0.3621,
        "variety_score": 0.25,
        "running_accessibility_score": 33.97,
        "running_category": "Poor"
      },
      "geometry": {
        "type": "Point",
        "coordinates": [
          2.175387,
          41.3830356
        ]
      },
      "id": "node/6387020070"
    },
    {
      "type": "Feature",
      "properties": {
        "@id": "node/6431482114",
        "addr:housenumber": "36",
        "addr:postcode": "08014",
        "addr:street": "Passeig de Sant Antoni",
        "name": "Hotel AC Sants",
        "name:en": "AC Marriott Sants",
        "tourism": "hotel",
        "nearest_route_m": 1447.99,
        "nearby_routes_count": 0,
        "closeness_score": 0.0,
        "variety_score": 0.0,
        "running_accessibility_score": 0.0,
        "running_category": "Very poor"
      },
      "geometry": {
        "type": "Point",
        "coordinates": [
          2.1388988,
          41.3774559
        ]
      },
      "id": "node/6431482114"
    },
    {
      "type": "Feature",
      "properties": {
        "@id": "node/6586975170",
        "addr:housenumber": "547",
        "addr:street": "Gran Via de les Corts Catalanes (lateral muntanya)",
        "check_date": "2024-01-14",
        "name": "Hostal Live Barcelona",
        "tourism": "hotel",
        "nearest_route_m": 1366.73,
        "nearby_routes_count": 0,
        "closeness_score": 0.0,
        "variety_score": 0.0,
        "running_accessibility_score": 0.0,
        "running_category": "Very poor"
      },
      "geometry": {
        "type": "Point",
        "coordinates": [
          2.1598349,
          41.3834955
        ]
      },
      "id": "node/6586975170"
    },
    {
      "type": "Feature",
      "properties": {
        "@id": "node/6593540114",
        "addr:city": "Barcelona",
        "addr:housenumber": "58",
        "addr:postcode": "08001",
        "addr:street": "Carrer de l'Arc del Teatre",
        "brand": "Ona Hotels & Apartments",
        "contact:email": "info@onahotels.com",
        "contact:phone": "+34 932 71 52 51",
        "name": "Hotel Casa Lit Barcelona by Ona",
        "tourism": "hotel",
        "website": "https://www.onahotels.com/hotel-casa-lit-barcelona.html",
        "nearest_route_m": 455.27,
        "nearby_routes_count": 1,
        "closeness_score": 0.5447,
        "variety_score": 0.25,
        "running_accessibility_score": 48.58,
        "running_category": "Acceptable"
      },
      "geometry": {
        "type": "Point",
        "coordinates": [
          2.1729039,
          41.375505
        ]
      },
      "id": "node/6593540114"
    },
    {
      "type": "Feature",
      "properties": {
        "@id": "node/6839708472",
        "addr:city": "Barcelona",
        "addr:housenumber": "61",
        "addr:postcode": "08011",
        "addr:street": "Ronda Sant Antoni",
        "email": "info@hostaldelfos.com",
        "internet_access": "wlan",
        "internet_access:fee": "customers",
        "name": "Hostal Delfos",
        "phone": "+34 933231651",
        "smoking": "no",
        "tourism": "hotel",
        "website": "http://www.hostaldelfos.com/",
        "nearest_route_m": 1346.72,
        "nearby_routes_count": 0,
        "closeness_score": 0.0,
        "variety_score": 0.0,
        "running_accessibility_score": 0.0,
        "running_category": "Very poor"
      },
      "geometry": {
        "type": "Point",
        "coordinates": [
          2.1637078,
          41.3846595
        ]
      },
      "id": "node/6839708472"
    },
    {
      "type": "Feature",
      "properties": {
        "@id": "node/6877271686",
        "addr:housenumber": "169 B",
        "addr:postcode": "08005",
        "addr:street": "Carrer de Ramon Turró",
        "name": "Acta Voraport",
        "phone": "+34934540642",
        "tourism": "hotel",
        "nearest_route_m": 707.33,
        "nearby_routes_count": 2,
        "closeness_score": 0.2927,
        "variety_score": 0.5,
        "running_accessibility_score": 33.41,
        "running_category": "Poor"
      },
      "geometry": {
        "type": "Point",
        "coordinates": [
          2.2006312,
          41.3990835
        ]
      },
      "id": "node/6877271686"
    },
    {
      "type": "Feature",
      "properties": {
        "@id": "node/7016632658",
        "name": "Hotel Transit",
        "tourism": "hotel",
        "nearest_route_m": 1482.87,
        "nearby_routes_count": 0,
        "closeness_score": 0.0,
        "variety_score": 0.0,
        "running_accessibility_score": 0.0,
        "running_category": "Very poor"
      },
      "geometry": {
        "type": "Point",
        "coordinates": [
          2.1431066,
          41.3781838
        ]
      },
      "id": "node/7016632658"
    },
    {
      "type": "Feature",
      "properties": {
        "@id": "node/7083925257",
        "addr:housenumber": "642",
        "addr:street": "Gran Via",
        "description": "By Núñez i Navarro Hotels",
        "name": "Hotel Granvia",
        "phone": "+34933181900",
        "tourism": "hotel",
        "website": "https://www.nnhotels.com/en/hotel-granvia",
        "nearest_route_m": 939.5,
        "nearby_routes_count": 1,
        "closeness_score": 0.0605,
        "variety_score": 0.25,
        "running_accessibility_score": 9.84,
        "running_category": "Very poor"
      },
      "geometry": {
        "type": "Point",
        "coordinates": [
          2.1695249,
          41.389989
        ]
      },
      "id": "node/7083925257"
    },
    {
      "type": "Feature",
      "properties": {
        "@id": "node/7083926888",
        "addr:housenumber": "24",
        "addr:street": "Rambla de Catalunya",
        "name": "Onix Rambla",
        "tourism": "hotel",
        "website": "https://onixhotels.com/en/onixrambla/?",
        "nearest_route_m": 930.38,
        "nearby_routes_count": 1,
        "closeness_score": 0.0696,
        "variety_score": 0.25,
        "running_accessibility_score": 10.57,
        "running_category": "Very poor"
      },
      "geometry": {
        "type": "Point",
        "coordinates": [
          2.16644,
          41.3893
        ]
      },
      "id": "node/7083926888"
    },
    {
      "type": "Feature",
      "properties": {
        "@id": "node/7089460626",
        "addr:city": "Barcelona",
        "addr:housenumber": "69",
        "addr:postcode": "08003",
        "addr:street": "Via Laietana",
        "brand": "H10 Hotels",
        "brand:wikidata": "Q1562646",
        "email": "h10.cubik@h10hotels.com",
        "internet_access": "wlan",
        "internet_access:fee": "no",
        "name": "H10 Cubik",
        "phone": "+34 93 320 22 00",
        "stars": "4S",
        "tourism": "hotel",
        "website": "https://www.h10hotels.com/es/hoteles-barcelona/h10-cubik/",
        "wikidata": "Q111389549",
        "nearest_route_m": 1134.32,
        "nearby_routes_count": 0,
        "closeness_score": 0.0,
        "variety_score": 0.0,
        "running_accessibility_score": 0.0,
        "running_category": "Very poor"
      },
      "geometry": {
        "type": "Point",
        "coordinates": [
          2.1731612,
          41.3880202
        ]
      },
      "id": "node/7089460626"
    },
    {
      "type": "Feature",
      "properties": {
        "@id": "node/7091078167",
        "addr:housenumber": "1",
        "addr:street": "Carrer Ample",
        "check_date": "2025-12-09",
        "name": "Hotel Catalonia Port",
        "phone": "+34 93 342 42 44",
        "tourism": "hotel",
        "website": "https://www.cataloniahotels.com/es/hotel/catalonia-port",
        "wheelchair": "yes",
        "wikidata": "Q111389560",
        "nearest_route_m": 148.45,
        "nearby_routes_count": 1,
        "closeness_score": 0.8516,
        "variety_score": 0.25,
        "running_accessibility_score": 73.12,
        "running_category": "Good"
      },
      "geometry": {
        "type": "Point",
        "coordinates": [
          2.17873,
          41.3787
        ]
      },
      "id": "node/7091078167"
    },
    {
      "type": "Feature",
      "properties": {
        "@id": "node/7110461525",
        "addr:city": "Barcelona",
        "addr:housenumber": "22-24",
        "addr:postcode": "08028",
        "addr:street": "Carrer de Sabino Arana",
        "brand": "Catalonia Hotels & Resorts",
        "brand:wikidata": "Q126180437",
        "email": "rigoletto@cataloniahotels.com",
        "internet_access": "wlan",
        "internet_access:fee": "no",
        "name": "Catalonia Rigoletto",
        "phone": "+34 93 339 19 99",
        "stars": "4",
        "tourism": "hotel",
        "website": "https://www.cataloniahotels.com/ca/hotel/catalonia-rigoletto",
        "wheelchair": "yes",
        "wikidata": "Q111389407",
        "nearest_route_m": 230.55,
        "nearby_routes_count": 1,
        "closeness_score": 0.7694,
        "variety_score": 0.25,
        "running_accessibility_score": 66.56,
        "running_category": "Good"
      },
      "geometry": {
        "type": "Point",
        "coordinates": [
          2.1255386,
          41.385654
        ]
      },
      "id": "node/7110461525"
    },
    {
      "type": "Feature",
      "properties": {
        "@id": "node/7242306263",
        "addr:city": "Barcelona",
        "addr:housenumber": "619-621",
        "addr:postcode": "08007",
        "addr:street": "Gran Via de les Corts Catalanes",
        "check_date": "2023-10-28",
        "email": "welcome.barcelona@almanachotels.com",
        "name": "Almanac",
        "tourism": "hotel",
        "website": "https://www.almanachotels.com/barcelona/es/default.html",
        "wikidata": "Q111409051",
        "nearest_route_m": 856.06,
        "nearby_routes_count": 1,
        "closeness_score": 0.1439,
        "variety_score": 0.25,
        "running_accessibility_score": 16.52,
        "running_category": "Very poor"
      },
      "geometry": {
        "type": "Point",
        "coordinates": [
          2.1694134,
          41.3907533
        ]
      },
      "id": "node/7242306263"
    },
    {
      "type": "Feature",
      "properties": {
        "@id": "node/7354850912",
        "addr:city": "Barcelona",
        "addr:housenumber": "10",
        "addr:postcode": "08002",
        "addr:street": "Plaça de Catalunya",
        "air_conditioning": "yes",
        "bar": "yes",
        "brand": "Iberostar Hotels & Resorts",
        "brand:wikidata": "Q2035939",
        "contact:facebook": "https://www.facebook.com/IberostarSelectionPaseoDeGracia/",
        "description": "The Iberostar Selection Paseo de Gracia is a 4-star hotel that inspires creativity and culture. It places you on one of the most emblematic avenues of central Barcelona, next to the theatres of La Rambla and Gaudí’s marvellous architectural creations.",
        "email": "paseo.de.gracia@iberostar.com",
        "image": "https://apiimg.iberostar.com/uploads/image/67603/crops/1920:797/1920/image.jpeg",
        "internet_access": "yes",
        "internet_access:fee": "no",
        "name": "BLESS Hotel Barcelona",
        "opening_hours": "24/7",
        "operator": "IBEROSTAR Hotels & Resorts",
        "payment:american_express": "yes",
        "payment:credit_cards": "yes",
        "payment:debit_cards": "yes",
        "payment:mastercard": "yes",
        "payment:visa": "yes",
        "phone": "+34 937 00 62 62",
        "reservation": "yes",
        "smoking": "outside",
        "source": "local knowledge;www.iberostar.com",
        "stars": "4S",
        "tourism": "hotel",
        "website": "https://www.iberostar.com/en/hotels/barcelona/iberostar-paseo-de-gracia/",
        "wheelchair": "yes",
        "wikidata": "Q111662161",
        "nearest_route_m": 1152.72,
        "nearby_routes_count": 0,
        "closeness_score": 0.0,
        "variety_score": 0.0,
        "running_accessibility_score": 0.0,
        "running_category": "Very poor"
      },
      "geometry": {
        "type": "Point",
        "coordinates": [
          2.1693922,
          41.387931
        ]
      },
      "id": "node/7354850912"
    },
    {
      "type": "Feature",
      "properties": {
        "@id": "node/7643827688",
        "addr:city": "Barcelona",
        "addr:housenumber": "30",
        "addr:postcode": "08003",
        "addr:street": "Via Laietana",
        "air_conditioning": "yes",
        "bar": "yes",
        "brand": "Grand Hotel Central",
        "building": "hotel",
        "description": "Este exclusivo hotel se encuentra a 2 minutos a pie de la estación de metro de Jaume I, a menos de 5 de los edificios medievales del Barrio Gótico y a 3 km de la Basílica de la Sagrada Familia.  Las habitaciones son modernas y tienen minibar, Wi‑Fi gratis",
        "email": "info@grandhotelcentral.com",
        "entrance": "yes",
        "image": "https://www.grandhotelcentral.com/data/webp/white.png-e2293a1c670abc191fcc4f21b53287e6.webp",
        "internet_access": "wlan",
        "internet_access:fee": "no",
        "level": "0",
        "name": "Gran Hotel Central",
        "opening_hours": "24/7",
        "opening_hours:reception": "24/7",
        "payment:cash": "yes",
        "payment:contactless": "yes",
        "payment:credit_cards": "yes",
        "payment:debit_cards": "yes",
        "payment:mastercard_contactless": "yes",
        "payment:visa": "yes",
        "phone": "+34 932 957 900",
        "reservation": "yes",
        "smoking": "outside",
        "source": "survey;local knowledge",
        "stars": "5",
        "tourism": "hotel",
        "website": "https://www.grandhotelcentral.com/es/",
        "wheelchair": "yes",
        "nearest_route_m": 628.32,
        "nearby_routes_count": 1,
        "closeness_score": 0.3717,
        "variety_score": 0.25,
        "running_accessibility_score": 34.73,
        "running_category": "Poor"
      },
      "geometry": {
        "type": "Point",
        "coordinates": [
          2.1776369,
          41.3849138
        ]
      },
      "id": "node/7643827688"
    },
    {
      "type": "Feature",
      "properties": {
        "@id": "node/7997388566",
        "name": "Hotel Negresco Princess",
        "tourism": "hotel",
        "wikidata": "Q111389546",
        "nearest_route_m": 961.47,
        "nearby_routes_count": 1,
        "closeness_score": 0.0385,
        "variety_score": 0.25,
        "running_accessibility_score": 8.08,
        "running_category": "Very poor"
      },
      "geometry": {
        "type": "Point",
        "coordinates": [
          2.1726186,
          41.3905581
        ]
      },
      "id": "node/7997388566"
    },
    {
      "type": "Feature",
      "properties": {
        "@id": "node/8527772418",
        "addr:housenumber": "7",
        "addr:street": "Carrer de Lledó",
        "description": "housed inside an ancient Roman tower with a preserved wall dating to 1 A.D.",
        "name": "Mercer Hotel Barcelona",
        "name:ca": "Mercer Hotel Barcelona",
        "stars": "5",
        "tourism": "hotel",
        "website": "https://www.mercerbarcelona.com/",
        "nearest_route_m": 364.11,
        "nearby_routes_count": 1,
        "closeness_score": 0.6359,
        "variety_score": 0.25,
        "running_accessibility_score": 55.87,
        "running_category": "Acceptable"
      },
      "geometry": {
        "type": "Point",
        "coordinates": [
          2.1789657,
          41.382581
        ]
      },
      "id": "node/8527772418"
    },
    {
      "type": "Feature",
      "properties": {
        "@id": "node/8536303105",
        "addr:city": "Barcelona",
        "addr:housenumber": "72",
        "addr:postcode": "08006",
        "addr:street": "Travessera de Gràcia",
        "contact:phone": "+34 93 238 68 28",
        "name": "The Moods Oasis",
        "stars": "3",
        "tourism": "hotel",
        "wheelchair": "yes",
        "nearest_route_m": 288.22,
        "nearby_routes_count": 1,
        "closeness_score": 0.7118,
        "variety_score": 0.25,
        "running_accessibility_score": 61.94,
        "running_category": "Good"
      },
      "geometry": {
        "type": "Point",
        "coordinates": [
          2.1513108,
          41.3970672
        ]
      },
      "id": "node/8536303105"
    },
    {
      "type": "Feature",
      "properties": {
        "@id": "node/8930434717",
        "email": "info@mihltonbarcelona.com",
        "internet_access": "wlan",
        "name": "Mihlton Hotel",
        "phone": "+34608161661",
        "tourism": "hotel",
        "website": "http://mihltonbarcelona.com",
        "nearest_route_m": 220.12,
        "nearby_routes_count": 1,
        "closeness_score": 0.7799,
        "variety_score": 0.25,
        "running_accessibility_score": 67.39,
        "running_category": "Good"
      },
      "geometry": {
        "type": "Point",
        "coordinates": [
          2.1579908,
          41.39392
        ]
      },
      "id": "node/8930434717"
    },
    {
      "type": "Feature",
      "properties": {
        "@id": "node/9107182023",
        "addr:city": "Barcelona",
        "addr:housenumber": "30",
        "addr:postcode": "08001",
        "addr:street": "Carrer de l'Hospital",
        "brand": "Catalonia Hotels & Resorts",
        "brand:wikidata": "Q126180437",
        "email": "hhramblas@hesperia.com",
        "internet_access": "wlan",
        "name": "Catalonia Boquería",
        "phone": "+34 931 516 100",
        "tourism": "hotel",
        "website": "https://www.hesperia.com/",
        "nearest_route_m": 756.0,
        "nearby_routes_count": 1,
        "closeness_score": 0.244,
        "variety_score": 0.25,
        "running_accessibility_score": 24.52,
        "running_category": "Poor"
      },
      "geometry": {
        "type": "Point",
        "coordinates": [
          2.1720314,
          41.3809379
        ]
      },
      "id": "node/9107182023"
    },
    {
      "type": "Feature",
      "properties": {
        "@id": "node/9238266742",
        "addr:housenumber": "255",
        "addr:street": "Carrer de Còrsega",
        "name": "Hotel Arconte",
        "stars": "4S",
        "tourism": "hotel",
        "wikidata": "Q111389451",
        "nearest_route_m": 214.54,
        "nearby_routes_count": 1,
        "closeness_score": 0.7855,
        "variety_score": 0.25,
        "running_accessibility_score": 67.84,
        "running_category": "Good"
      },
      "geometry": {
        "type": "Point",
        "coordinates": [
          2.1545161,
          41.3930991
        ]
      },
      "id": "node/9238266742"
    },
    {
      "type": "Feature",
      "properties": {
        "@id": "node/9241273896",
        "addr:housenumber": "13-15",
        "addr:street": "Carrer de les Magdalenes",
        "name": "Hotel Catalonia Magdalenes",
        "stars": "4",
        "tourism": "hotel",
        "wikidata": "Q111389551",
        "nearest_route_m": 901.88,
        "nearby_routes_count": 1,
        "closeness_score": 0.0981,
        "variety_score": 0.25,
        "running_accessibility_score": 12.85,
        "running_category": "Very poor"
      },
      "geometry": {
        "type": "Point",
        "coordinates": [
          2.1745588,
          41.3861192
        ]
      },
      "id": "node/9241273896"
    },
    {
      "type": "Feature",
      "properties": {
        "@id": "node/9252550636",
        "addr:housenumber": "62-64",
        "addr:street": "Carrer de Marià Cubí",
        "contact:email": "marianocubi@aparthotelmarianocubi.com",
        "contact:fax": "+34 93 2099699",
        "contact:phone": "+34 93 2099699",
        "contact:website": "https://www.aparthotelmarianocubi.com/es",
        "name": "Aparthotel Mariano Cubí",
        "stars": "4",
        "tourism": "hotel",
        "wikidata": "Q111389445",
        "nearest_route_m": 453.12,
        "nearby_routes_count": 1,
        "closeness_score": 0.5469,
        "variety_score": 0.25,
        "running_accessibility_score": 48.75,
        "running_category": "Acceptable"
      },
      "geometry": {
        "type": "Point",
        "coordinates": [
          2.1493985,
          41.3981521
        ]
      },
      "id": "node/9252550636"
    },
    {
      "type": "Feature",
      "properties": {
        "@id": "node/9297677319",
        "addr:city": "Barcelona",
        "addr:housenumber": "1",
        "addr:postcode": "08002",
        "addr:street": "Plaça de Sant Josep Oriol",
        "brand": "Best budged Hotel Barcelona",
        "check_date": "2025-10-27",
        "email": "reservations@eljardi.com",
        "internet_access": "yes",
        "internet_access:fee": "no",
        "name": "el Jardi",
        "phone": "+34 933015900",
        "reservation": "yes",
        "rooms": "40",
        "smoking": "no",
        "tourism": "hotel",
        "website": "https://eljardi.com",
        "wheelchair": "no",
        "nearest_route_m": 707.86,
        "nearby_routes_count": 1,
        "closeness_score": 0.2921,
        "variety_score": 0.25,
        "running_accessibility_score": 28.37,
        "running_category": "Poor"
      },
      "geometry": {
        "type": "Point",
        "coordinates": [
          2.1739864,
          41.3825174
        ]
      },
      "id": "node/9297677319"
    },
    {
      "type": "Feature",
      "properties": {
        "@id": "node/9511175717",
        "addr:housenumber": "33",
        "addr:street": "Carrer del Bruc",
        "name": "Hotel Constanza",
        "tourism": "hotel",
        "nearest_route_m": 863.3,
        "nearby_routes_count": 1,
        "closeness_score": 0.1367,
        "variety_score": 0.25,
        "running_accessibility_score": 15.94,
        "running_category": "Very poor"
      },
      "geometry": {
        "type": "Point",
        "coordinates": [
          2.172939,
          41.3915708
        ]
      },
      "id": "node/9511175717"
    },
    {
      "type": "Feature",
      "properties": {
        "@id": "node/9748092519",
        "name": "Hotel BestPrice Diagonal",
        "tourism": "hotel",
        "nearest_route_m": 75.53,
        "nearby_routes_count": 2,
        "closeness_score": 0.9245,
        "variety_score": 0.5,
        "running_accessibility_score": 83.96,
        "running_category": "Excellent"
      },
      "geometry": {
        "type": "Point",
        "coordinates": [
          2.2098626,
          41.4097579
        ]
      },
      "id": "node/9748092519"
    },
    {
      "type": "Feature",
      "properties": {
        "@id": "node/9774343017",
        "check_date": "2024-08-08",
        "name": "H10 Casa Mimosa",
        "tourism": "hotel",
        "nearest_route_m": 98.21,
        "nearby_routes_count": 1,
        "closeness_score": 0.9018,
        "variety_score": 0.25,
        "running_accessibility_score": 77.14,
        "running_category": "Good"
      },
      "geometry": {
        "type": "Point",
        "coordinates": [
          2.1623261,
          41.3961679
        ]
      },
      "id": "node/9774343017"
    },
    {
      "type": "Feature",
      "properties": {
        "@id": "node/9775390417",
        "addr:housenumber": "343",
        "addr:street": "Travessera de Gràcia",
        "name": "Sensation authentic gracia",
        "tourism": "hotel",
        "nearest_route_m": 956.97,
        "nearby_routes_count": 1,
        "closeness_score": 0.043,
        "variety_score": 0.25,
        "running_accessibility_score": 8.44,
        "running_category": "Very poor"
      },
      "geometry": {
        "type": "Point",
        "coordinates": [
          2.1673153,
          41.4074419
        ]
      },
      "id": "node/9775390417"
    },
    {
      "type": "Feature",
      "properties": {
        "@id": "node/9846888619",
        "addr:housenumber": "505",
        "addr:street": "Carrer de Muntaner",
        "name:en": "Hotel Catalonia Barcelona",
        "tourism": "hotel",
        "name": "Catalonia Barcelona 505",
        "nearest_route_m": 459.41,
        "nearby_routes_count": 1,
        "closeness_score": 0.5406,
        "variety_score": 0.25,
        "running_accessibility_score": 48.25,
        "running_category": "Acceptable"
      },
      "geometry": {
        "type": "Point",
        "coordinates": [
          2.1371931,
          41.4032219
        ]
      },
      "id": "node/9846888619"
    },
    {
      "type": "Feature",
      "properties": {
        "@id": "node/9883626019",
        "addr:housenumber": "7",
        "addr:street": "Passatge de Gutenberg",
        "internet_access": "wlan",
        "name": "Sixties Ramblas",
        "tourism": "hotel",
        "nearest_route_m": 327.31,
        "nearby_routes_count": 1,
        "closeness_score": 0.6727,
        "variety_score": 0.25,
        "running_accessibility_score": 58.82,
        "running_category": "Acceptable"
      },
      "geometry": {
        "type": "Point",
        "coordinates": [
          2.1747892,
          41.3768921
        ]
      },
      "id": "node/9883626019"
    },
    {
      "type": "Feature",
      "properties": {
        "@id": "node/10019188933",
        "addr:city": "Barcelona",
        "addr:housenumber": "51",
        "addr:postcode": "08034",
        "addr:street": "Carrer del Capità Arenas",
        "email": "hotel@hotelbonanovapark.com",
        "name": "Bonanova Park Hotel",
        "phone": "+34 932 040 900",
        "tourism": "hotel",
        "website": "https://www.hotelbonanovapark.com",
        "wheelchair": "no",
        "nearest_route_m": 568.8,
        "nearby_routes_count": 2,
        "closeness_score": 0.4312,
        "variety_score": 0.5,
        "running_accessibility_score": 44.5,
        "running_category": "Acceptable"
      },
      "geometry": {
        "type": "Point",
        "coordinates": [
          2.1247017,
          41.3930349
        ]
      },
      "id": "node/10019188933"
    },
    {
      "type": "Feature",
      "properties": {
        "@id": "node/10154223317",
        "addr:city": "Barcelona",
        "addr:housenumber": "89",
        "addr:postcode": "08006",
        "addr:street": "Via Augusta",
        "air_conditioning": "yes",
        "brand": "HG Hoteles",
        "email": "hgcitysuites@hghoteles.com",
        "internet_access": "wlan",
        "internet_access:fee": "customers",
        "name": "HG City Suites",
        "opening_hours": "24/7",
        "phone": "+34 93 237 39 40",
        "tourism": "hotel",
        "website": "https://www.hgcitysuites.com",
        "wikidata": "Q111872183",
        "nearest_route_m": 717.23,
        "nearby_routes_count": 1,
        "closeness_score": 0.2828,
        "variety_score": 0.25,
        "running_accessibility_score": 27.62,
        "running_category": "Poor"
      },
      "geometry": {
        "type": "Point",
        "coordinates": [
          2.1500431,
          41.4008224
        ]
      },
      "id": "node/10154223317"
    },
    {
      "type": "Feature",
      "properties": {
        "@id": "node/10241117409",
        "name": "Hostal Be Ramblas",
        "tourism": "hotel",
        "nearest_route_m": 532.46,
        "nearby_routes_count": 1,
        "closeness_score": 0.4675,
        "variety_score": 0.25,
        "running_accessibility_score": 42.4,
        "running_category": "Acceptable"
      },
      "geometry": {
        "type": "Point",
        "coordinates": [
          2.1724749,
          41.3775051
        ]
      },
      "id": "node/10241117409"
    },
    {
      "type": "Feature",
      "properties": {
        "@id": "node/10678321069",
        "check_date": "2023-02-19",
        "name": "Hotel Silken Ramblas",
        "tourism": "hotel",
        "wikidata": "Q111389504",
        "nearest_route_m": 1015.32,
        "nearby_routes_count": 0,
        "closeness_score": 0.0,
        "variety_score": 0.0,
        "running_accessibility_score": 0.0,
        "running_category": "Very poor"
      },
      "geometry": {
        "type": "Point",
        "coordinates": [
          2.170047,
          41.3829722
        ]
      },
      "id": "node/10678321069"
    },
    {
      "type": "Feature",
      "properties": {
        "@id": "node/10734578091",
        "addr:city": "Barcelona",
        "addr:housenumber": "50",
        "addr:postcode": "08003",
        "addr:street": "Carrer de la Princesa",
        "air_conditioning": "yes",
        "bar": "yes",
        "brand": "chic&basic Hotels",
        "description:en": "The chic&basic Born Hotel Boutique is an old palace located in one of the coolest neighbourhoods in the city. Climb the beautiful old palace stairs. Come and play with our chameleon lights, and let yourself be seduced by the hotel, the neighbourhood, and",
        "email": "born@chicandbasic.com",
        "image": "https://www.chicandbasic.com/data/webp/big-chic-and-basic-born-galeria-2-476.jpg-10a13c52a238c1eba2b3826566cc1479.webp",
        "internet_access": "wlan",
        "internet_access:fee": "no",
        "name": "chic&basic Born Boutique Hotel",
        "opening_hours": "24/7",
        "operator": "chic&basic Hotels",
        "payment:cash": "yes",
        "payment:contactless": "yes",
        "payment:credit_cards": "yes",
        "payment:mastercard": "yes",
        "payment:visa": "yes",
        "phone": "+34 932 954 652",
        "reservation": "yes",
        "smoking": "outside",
        "source": "survey;local knowledge",
        "stars": "3",
        "toilets:wheelchair": "yes",
        "tourism": "hotel",
        "website": "https://www.chicandbasic.com/en/hotel-born-barcelona/",
        "wheelchair": "limited",
        "nearest_route_m": 670.49,
        "nearby_routes_count": 1,
        "closeness_score": 0.3295,
        "variety_score": 0.25,
        "running_accessibility_score": 31.36,
        "running_category": "Poor"
      },
      "geometry": {
        "type": "Point",
        "coordinates": [
          2.1824047,
          41.3867622
        ]
      },
      "id": "node/10734578091"
    },
    {
      "type": "Feature",
      "properties": {
        "@id": "node/10739027297",
        "addr:city": "Barcelona",
        "addr:housenumber": "6",
        "addr:postcode": "08001",
        "addr:street": "Carrer de Pelai",
        "air_conditioning": "yes",
        "branch": "Lemon",
        "brand": "chic&basic hotels",
        "check_date": "2025-12-23",
        "contact:whatsapp": "+34 623 47 54 47",
        "email": "lemon@chicandbasic.com",
        "image": "https://www.chicandbasic.com/data/webp/big-chic-and-basic-lemon-habitaciones-galeria-26207.jpg-e49a04dcdd96f1d0d9c24916981b0950.webp",
        "internet_access": "wlan",
        "internet_access:fee": "no",
        "name": "chic&basic Lemon Hotel",
        "opening_hours": "24/7",
        "opening_hours:reception": "10:00-18:00",
        "operator": "chic&basic hotels",
        "payment:cash": "yes",
        "payment:contactless": "yes",
        "payment:credit_cards": "yes",
        "payment:mastercard": "yes",
        "payment:visa": "yes",
        "phone": "+34 933 426 666",
        "reservation": "yes",
        "smoking": "outside",
        "source": "survey;local knowledge",
        "stars": "2",
        "toilets": "yes",
        "toilets:wheelchair": "yes",
        "tourism": "hotel",
        "website": "https://www.chicandbasic.com/es/hotel-lemon-barcelona/",
        "wheelchair": "limited",
        "nearest_route_m": 1265.76,
        "nearby_routes_count": 0,
        "closeness_score": 0.0,
        "variety_score": 0.0,
        "running_accessibility_score": 0.0,
        "running_category": "Very poor"
      },
      "geometry": {
        "type": "Point",
        "coordinates": [
          2.1651393,
          41.3857883
        ]
      },
      "id": "node/10739027297"
    },
    {
      "type": "Feature",
      "properties": {
        "@id": "node/10926005039",
        "check_date": "2025-07-05",
        "name": "Arcelon Hotel",
        "tourism": "hotel",
        "nearest_route_m": 1100.92,
        "nearby_routes_count": 0,
        "closeness_score": 0.0,
        "variety_score": 0.0,
        "running_accessibility_score": 0.0,
        "running_category": "Very poor"
      },
      "geometry": {
        "type": "Point",
        "coordinates": [
          2.1898181,
          41.4144621
        ]
      },
      "id": "node/10926005039"
    },
    {
      "type": "Feature",
      "properties": {
        "@id": "node/10994351415",
        "addr:housenumber": "414",
        "addr:street": "Avinguda Diagonal",
        "name": "Occidental Diagonal 414",
        "tourism": "hotel",
        "nearest_route_m": 39.17,
        "nearby_routes_count": 1,
        "closeness_score": 0.9608,
        "variety_score": 0.25,
        "running_accessibility_score": 81.87,
        "running_category": "Excellent"
      },
      "geometry": {
        "type": "Point",
        "coordinates": [
          2.164807,
          41.3980962
        ]
      },
      "id": "node/10994351415"
    },
    {
      "type": "Feature",
      "properties": {
        "@id": "node/11042472560",
        "addr:city": "Barcelona",
        "addr:housenumber": "20",
        "addr:street": "Carrer Sant Pau",
        "air_conditioning": "yes",
        "bar": "no",
        "internet_access": "wlan",
        "internet_access:fee": "no",
        "name": "Opera Ramblas Hostal",
        "stars": "2",
        "tourism": "hotel",
        "website": "https://operaramblas.com/en/",
        "nearest_route_m": 654.67,
        "nearby_routes_count": 1,
        "closeness_score": 0.3453,
        "variety_score": 0.25,
        "running_accessibility_score": 32.63,
        "running_category": "Poor"
      },
      "geometry": {
        "type": "Point",
        "coordinates": [
          2.1728806,
          41.380234
        ]
      },
      "id": "node/11042472560"
    },
    {
      "type": "Feature",
      "properties": {
        "@id": "node/11045865805",
        "name": "Hitel Onix Fira",
        "tourism": "hotel",
        "nearest_route_m": 1785.61,
        "nearby_routes_count": 0,
        "closeness_score": 0.0,
        "variety_score": 0.0,
        "running_accessibility_score": 0.0,
        "running_category": "Very poor"
      },
      "geometry": {
        "type": "Point",
        "coordinates": [
          2.1498718,
          41.3770113
        ]
      },
      "id": "node/11045865805"
    },
    {
      "type": "Feature",
      "properties": {
        "@id": "node/11061237305",
        "name": "Aparthotel Augusta",
        "tourism": "hotel",
        "nearest_route_m": 828.71,
        "nearby_routes_count": 1,
        "closeness_score": 0.1713,
        "variety_score": 0.25,
        "running_accessibility_score": 18.7,
        "running_category": "Very poor"
      },
      "geometry": {
        "type": "Point",
        "coordinates": [
          2.1484599,
          41.4014828
        ]
      },
      "id": "node/11061237305"
    },
    {
      "type": "Feature",
      "properties": {
        "@id": "node/11114956205",
        "addr:housenumber": "255",
        "addr:postcode": "08008",
        "addr:street": "Carrer de Mallorca",
        "internet_access": "wlan",
        "name": "Ciudad",
        "name:es": "Ciudad Condal Hostal - Paseo de Gracia",
        "tourism": "hotel",
        "website": "https://hostalciudadcondal.com/",
        "nearest_route_m": 377.85,
        "nearby_routes_count": 1,
        "closeness_score": 0.6221,
        "variety_score": 0.25,
        "running_accessibility_score": 54.77,
        "running_category": "Acceptable"
      },
      "geometry": {
        "type": "Point",
        "coordinates": [
          2.1617658,
          41.3933715
        ]
      },
      "id": "node/11114956205"
    },
    {
      "type": "Feature",
      "properties": {
        "@id": "node/11133370976",
        "air_conditioning": "yes",
        "breakfast": "buffet",
        "check_date": "2023-11-10",
        "internet_access": "wlan",
        "internet_access:fee": "customers",
        "name": "Residència Erasmus Gràcia",
        "payment:maestro": "yes",
        "payment:mastercard": "yes",
        "payment:visa": "yes",
        "phone": "+34 934 15 12 03",
        "smoking": "no",
        "tourism": "hotel",
        "washing_machine": "yes",
        "website": "https://www.residenciaerasmusgracia.com/",
        "nearest_route_m": 1191.59,
        "nearby_routes_count": 0,
        "closeness_score": 0.0,
        "variety_score": 0.0,
        "running_accessibility_score": 0.0,
        "running_category": "Very poor"
      },
      "geometry": {
        "type": "Point",
        "coordinates": [
          2.1529257,
          41.4060521
        ]
      },
      "id": "node/11133370976"
    },
    {
      "type": "Feature",
      "properties": {
        "@id": "node/11135668705",
        "name": "Antiga Casa Buenavista",
        "tourism": "hotel",
        "nearest_route_m": 1435.94,
        "nearby_routes_count": 0,
        "closeness_score": 0.0,
        "variety_score": 0.0,
        "running_accessibility_score": 0.0,
        "running_category": "Very poor"
      },
      "geometry": {
        "type": "Point",
        "coordinates": [
          2.1640108,
          41.3838885
        ]
      },
      "id": "node/11135668705"
    },
    {
      "type": "Feature",
      "properties": {
        "@id": "node/11138340605",
        "name": "Aparthotel Bonanova",
        "tourism": "hotel",
        "nearest_route_m": 230.79,
        "nearby_routes_count": 1,
        "closeness_score": 0.7692,
        "variety_score": 0.25,
        "running_accessibility_score": 66.54,
        "running_category": "Good"
      },
      "geometry": {
        "type": "Point",
        "coordinates": [
          2.1361386,
          41.4054665
        ]
      },
      "id": "node/11138340605"
    },
    {
      "type": "Feature",
      "properties": {
        "@id": "node/11158497505",
        "name": "One Shot Aragó",
        "tourism": "hotel",
        "nearest_route_m": 614.64,
        "nearby_routes_count": 1,
        "closeness_score": 0.3854,
        "variety_score": 0.25,
        "running_accessibility_score": 35.83,
        "running_category": "Poor"
      },
      "geometry": {
        "type": "Point",
        "coordinates": [
          2.1639098,
          41.3916621
        ]
      },
      "id": "node/11158497505"
    },
    {
      "type": "Feature",
      "properties": {
        "@id": "node/11206143290",
        "email": "emailhappyapartmentsbcn@gmail.com",
        "internet_access": "wlan",
        "internet_access:fee": "customers",
        "name": "Happy Apartments",
        "phone": "+34 618 222 099",
        "tourism": "hotel",
        "website": "https://www.happyapartmentsbarcelona.com/",
        "nearest_route_m": 493.81,
        "nearby_routes_count": 1,
        "closeness_score": 0.5062,
        "variety_score": 0.25,
        "running_accessibility_score": 45.5,
        "running_category": "Acceptable"
      },
      "geometry": {
        "type": "Point",
        "coordinates": [
          2.1741666,
          41.3790899
        ]
      },
      "id": "node/11206143290"
    },
    {
      "type": "Feature",
      "properties": {
        "@id": "node/11308075286",
        "addr:housenumber": "368",
        "addr:street": "Carrer de Còrsega",
        "check_date": "2024-04-11",
        "internet_access": "wlan",
        "internet_access:fee": "no",
        "name": "Catalonia Gràcia",
        "source": "survey",
        "stars": "4",
        "tourism": "hotel",
        "nearest_route_m": 165.11,
        "nearby_routes_count": 1,
        "closeness_score": 0.8349,
        "variety_score": 0.25,
        "running_accessibility_score": 71.79,
        "running_category": "Good"
      },
      "geometry": {
        "type": "Point",
        "coordinates": [
          2.1623957,
          41.3986858
        ]
      },
      "id": "node/11308075286"
    },
    {
      "type": "Feature",
      "properties": {
        "@id": "node/11311303169",
        "name": "Green House Hotel",
        "tourism": "hotel",
        "nearest_route_m": 447.42,
        "nearby_routes_count": 1,
        "closeness_score": 0.5526,
        "variety_score": 0.25,
        "running_accessibility_score": 49.21,
        "running_category": "Acceptable"
      },
      "geometry": {
        "type": "Point",
        "coordinates": [
          2.1844093,
          41.398402
        ]
      },
      "id": "node/11311303169"
    },
    {
      "type": "Feature",
      "properties": {
        "@id": "node/11358107570",
        "addr:housenumber": "17",
        "addr:street": "Carrer de Roger de Llúria",
        "name": "ambitbcn",
        "stars": "4",
        "tourism": "hotel",
        "nearest_route_m": 907.81,
        "nearby_routes_count": 1,
        "closeness_score": 0.0922,
        "variety_score": 0.25,
        "running_accessibility_score": 12.38,
        "running_category": "Very poor"
      },
      "geometry": {
        "type": "Point",
        "coordinates": [
          2.1716299,
          41.3908191
        ]
      },
      "id": "node/11358107570"
    },
    {
      "type": "Feature",
      "properties": {
        "@id": "node/11934957769",
        "addr:housenumber": "5",
        "addr:postcode": "08010",
        "addr:street": "Plaça d'Urquinaona",
        "internet_access": "wlan",
        "name": "Hostal Sant Carlo",
        "tourism": "hotel",
        "website": "https://www.hostalsantcarlo.com",
        "nearest_route_m": 1080.36,
        "nearby_routes_count": 0,
        "closeness_score": 0.0,
        "variety_score": 0.0,
        "running_accessibility_score": 0.0,
        "running_category": "Very poor"
      },
      "geometry": {
        "type": "Point",
        "coordinates": [
          2.1729406,
          41.3895101
        ]
      },
      "id": "node/11934957769"
    },
    {
      "type": "Feature",
      "properties": {
        "@id": "node/11964992971",
        "addr:postcode": "08011",
        "name": "Hotel Balkonis",
        "tourism": "hotel",
        "nearest_route_m": 1456.3,
        "nearby_routes_count": 0,
        "closeness_score": 0.0,
        "variety_score": 0.0,
        "running_accessibility_score": 0.0,
        "running_category": "Very poor"
      },
      "geometry": {
        "type": "Point",
        "coordinates": [
          2.1618769,
          41.3798875
        ]
      },
      "id": "node/11964992971"
    },
    {
      "type": "Feature",
      "properties": {
        "@id": "node/11992108051",
        "addr:city": "Barcelona",
        "addr:housenumber": "1-23",
        "addr:postcode": "08014",
        "addr:street": "Carrer de Mallorca",
        "branch": "Barcelona",
        "brand": "Moxy",
        "brand:wikidata": "Q70287020",
        "dog": "yes",
        "internet_access": "wlan",
        "internet_access:fee": "no",
        "name": "Moxy Barcelona",
        "payment:cash": "yes",
        "payment:credit_cards": "yes",
        "payment:debit_cards": "yes",
        "phone": "+34 935 00 12 00",
        "rooms": "423",
        "smoking": "no",
        "stars": "4",
        "tourism": "hotel",
        "website": "https://www.marriott.com/en-us/hotels/bcnox-moxy-barcelona/",
        "wikidata": "Q111389417",
        "nearest_route_m": 1373.2,
        "nearby_routes_count": 0,
        "closeness_score": 0.0,
        "variety_score": 0.0,
        "running_accessibility_score": 0.0,
        "running_category": "Very poor"
      },
      "geometry": {
        "type": "Point",
        "coordinates": [
          2.1429258,
          41.3791798
        ]
      },
      "id": "node/11992108051"
    },
    {
      "type": "Feature",
      "properties": {
        "@id": "node/12017106469",
        "addr:housenumber": "103",
        "name": "Hotel Sercotel Caspe",
        "tourism": "hotel",
        "nearest_route_m": 562.93,
        "nearby_routes_count": 1,
        "closeness_score": 0.4371,
        "variety_score": 0.25,
        "running_accessibility_score": 39.97,
        "running_category": "Poor"
      },
      "geometry": {
        "type": "Point",
        "coordinates": [
          2.1794666,
          41.3960634
        ]
      },
      "id": "node/12017106469"
    },
    {
      "type": "Feature",
      "properties": {
        "@id": "node/12031879609",
        "addr:housenumber": "30",
        "addr:street": "Carrer de Trafalgar",
        "check_date": "2024-07-03",
        "name": "Yurban Hotel",
        "stars": "3",
        "tourism": "hotel",
        "nearest_route_m": 1067.5,
        "nearby_routes_count": 0,
        "closeness_score": 0.0,
        "variety_score": 0.0,
        "running_accessibility_score": 0.0,
        "running_category": "Very poor"
      },
      "geometry": {
        "type": "Point",
        "coordinates": [
          2.1760708,
          41.3889064
        ]
      },
      "id": "node/12031879609"
    },
    {
      "type": "Feature",
      "properties": {
        "@id": "node/12112147601",
        "name": "Hotel La Pau",
        "tourism": "hotel",
        "nearest_route_m": 135.26,
        "nearby_routes_count": 1,
        "closeness_score": 0.8647,
        "variety_score": 0.25,
        "running_accessibility_score": 74.18,
        "running_category": "Good"
      },
      "geometry": {
        "type": "Point",
        "coordinates": [
          2.1779726,
          41.3775379
        ]
      },
      "id": "node/12112147601"
    },
    {
      "type": "Feature",
      "properties": {
        "@id": "node/12247936393",
        "addr:housenumber": "19",
        "addr:postcode": "08002",
        "addr:street": "Carrer dels Escudellers",
        "name": "Barcelona House Hotel",
        "tourism": "hotel",
        "nearest_route_m": 378.19,
        "nearby_routes_count": 1,
        "closeness_score": 0.6218,
        "variety_score": 0.25,
        "running_accessibility_score": 54.74,
        "running_category": "Acceptable"
      },
      "geometry": {
        "type": "Point",
        "coordinates": [
          2.1761042,
          41.3794318
        ]
      },
      "id": "node/12247936393"
    },
    {
      "type": "Feature",
      "properties": {
        "@id": "node/12251326168",
        "email": "info@hostalgirona.com",
        "internet_access": "wlan",
        "internet_access:fee": "customers",
        "name": "Hostal Girona",
        "phone": "+34 932650259",
        "tourism": "hotel",
        "website": "https://www.hostalgirona.com",
        "nearest_route_m": 884.99,
        "nearby_routes_count": 1,
        "closeness_score": 0.115,
        "variety_score": 0.25,
        "running_accessibility_score": 14.2,
        "running_category": "Very poor"
      },
      "geometry": {
        "type": "Point",
        "coordinates": [
          2.175159,
          41.3919228
        ]
      },
      "id": "node/12251326168"
    },
    {
      "type": "Feature",
      "properties": {
        "@id": "node/12255757852",
        "addr:city": "Barcelona",
        "addr:housenumber": "49",
        "addr:postcode": "08019",
        "addr:street": "Carrer de Cristóbal de Moura",
        "brand": "The Social Hub",
        "email": "barcelonapn@thesocialhub.co",
        "name": "The Social Hub - Hotel",
        "phone": "+34 932207279",
        "tourism": "hotel",
        "website": "https://www.thesocialhub.co",
        "nearest_route_m": 234.52,
        "nearby_routes_count": 1,
        "closeness_score": 0.7655,
        "variety_score": 0.25,
        "running_accessibility_score": 66.24,
        "running_category": "Good"
      },
      "geometry": {
        "type": "Point",
        "coordinates": [
          2.2044589,
          41.4099113
        ]
      },
      "id": "node/12255757852"
    },
    {
      "type": "Feature",
      "properties": {
        "@id": "node/12265679302",
        "name": "Abba Rambla Hotel",
        "tourism": "hotel",
        "nearest_route_m": 912.19,
        "nearby_routes_count": 1,
        "closeness_score": 0.0878,
        "variety_score": 0.25,
        "running_accessibility_score": 12.02,
        "running_category": "Very poor"
      },
      "geometry": {
        "type": "Point",
        "coordinates": [
          2.1683944,
          41.3790549
        ]
      },
      "id": "node/12265679302"
    },
    {
      "type": "Feature",
      "properties": {
        "@id": "node/12365184448",
        "brand": "Exe Hotels",
        "brand:wikidata": "Q30880716",
        "name": "Dorma Plaza Catalunya",
        "tourism": "hotel",
        "nearest_route_m": 1222.96,
        "nearby_routes_count": 0,
        "closeness_score": 0.0,
        "variety_score": 0.0,
        "running_accessibility_score": 0.0,
        "running_category": "Very poor"
      },
      "geometry": {
        "type": "Point",
        "coordinates": [
          2.1674428,
          41.3867739
        ]
      },
      "id": "node/12365184448"
    },
    {
      "type": "Feature",
      "properties": {
        "@id": "node/12365184449",
        "name": "Hotel Monegal",
        "tourism": "hotel",
        "nearest_route_m": 1182.51,
        "nearby_routes_count": 0,
        "closeness_score": 0.0,
        "variety_score": 0.0,
        "running_accessibility_score": 0.0,
        "running_category": "Very poor"
      },
      "geometry": {
        "type": "Point",
        "coordinates": [
          2.1696053,
          41.3853173
        ]
      },
      "id": "node/12365184449"
    },
    {
      "type": "Feature",
      "properties": {
        "@id": "node/12365196377",
        "name": "H10 Universitat",
        "tourism": "hotel",
        "website": "https://www.h10hotels.com/en/barcelona-hotels/h10-universitat",
        "nearest_route_m": 1192.86,
        "nearby_routes_count": 0,
        "closeness_score": 0.0,
        "variety_score": 0.0,
        "running_accessibility_score": 0.0,
        "running_category": "Very poor"
      },
      "geometry": {
        "type": "Point",
        "coordinates": [
          2.1666284,
          41.3868549
        ]
      },
      "id": "node/12365196377"
    },
    {
      "type": "Feature",
      "properties": {
        "@id": "node/12369539901",
        "addr:housenumber": "11",
        "addr:street": "Carrer del Cardenal Casañas",
        "name": "BYPILLOW 20",
        "tourism": "hotel",
        "nearest_route_m": 720.71,
        "nearby_routes_count": 1,
        "closeness_score": 0.2793,
        "variety_score": 0.25,
        "running_accessibility_score": 27.34,
        "running_category": "Poor"
      },
      "geometry": {
        "type": "Point",
        "coordinates": [
          2.1733633,
          41.381971
        ]
      },
      "id": "node/12369539901"
    },
    {
      "type": "Feature",
      "properties": {
        "@id": "node/12411583801",
        "name": "Limehome",
        "tourism": "hotel",
        "nearest_route_m": 1356.27,
        "nearby_routes_count": 0,
        "closeness_score": 0.0,
        "variety_score": 0.0,
        "running_accessibility_score": 0.0,
        "running_category": "Very poor"
      },
      "geometry": {
        "type": "Point",
        "coordinates": [
          2.1852197,
          41.4157319
        ]
      },
      "id": "node/12411583801"
    },
    {
      "type": "Feature",
      "properties": {
        "@id": "node/12452787401",
        "addr:housenumber": "74",
        "addr:street": "Carrer de Pau Claris",
        "name": "Hostal Goya",
        "tourism": "hotel",
        "nearest_route_m": 1063.13,
        "nearby_routes_count": 0,
        "closeness_score": 0.0,
        "variety_score": 0.0,
        "running_accessibility_score": 0.0,
        "running_category": "Very poor"
      },
      "geometry": {
        "type": "Point",
        "coordinates": [
          2.1717595,
          41.3893768
        ]
      },
      "id": "node/12452787401"
    },
    {
      "type": "Feature",
      "properties": {
        "@id": "node/12645130201",
        "name": "Hotel Sant Gervasi",
        "tourism": "hotel",
        "nearest_route_m": 469.26,
        "nearby_routes_count": 1,
        "closeness_score": 0.5307,
        "variety_score": 0.25,
        "running_accessibility_score": 47.46,
        "running_category": "Acceptable"
      },
      "geometry": {
        "type": "Point",
        "coordinates": [
          2.1388882,
          41.4047251
        ]
      },
      "id": "node/12645130201"
    },
    {
      "type": "Feature",
      "properties": {
        "@id": "node/12811214155",
        "addr:housenumber": "64",
        "addr:street": "Rambla de Badal",
        "mobile": "+34601361993",
        "name": "Hostal Nova Barcelona",
        "tourism": "hotel",
        "website": "https://www.hostalnovabarcelona.com/",
        "nearest_route_m": 2246.68,
        "nearby_routes_count": 0,
        "closeness_score": 0.0,
        "variety_score": 0.0,
        "running_accessibility_score": 0.0,
        "running_category": "Very poor"
      },
      "geometry": {
        "type": "Point",
        "coordinates": [
          2.1328158,
          41.3683392
        ]
      },
      "id": "node/12811214155"
    },
    {
      "type": "Feature",
      "properties": {
        "@id": "node/12883049777",
        "check_date": "2025-06",
        "name": "Lugarus Beach",
        "tourism": "hotel",
        "website": "https://www.lugaris.com/en/",
        "nearest_route_m": 294.34,
        "nearby_routes_count": 2,
        "closeness_score": 0.7057,
        "variety_score": 0.5,
        "running_accessibility_score": 66.45,
        "running_category": "Good"
      },
      "geometry": {
        "type": "Point",
        "coordinates": [
          2.207719,
          41.3990724
        ]
      },
      "id": "node/12883049777"
    },
    {
      "type": "Feature",
      "properties": {
        "@id": "node/13260065301",
        "addr:housenumber": "71",
        "addr:postcode": "08013",
        "addr:street": "Carrer de Ribes",
        "name": "SM Hotel Teatre Auditori",
        "tourism": "hotel",
        "nearest_route_m": 278.3,
        "nearby_routes_count": 1,
        "closeness_score": 0.7217,
        "variety_score": 0.25,
        "running_accessibility_score": 62.74,
        "running_category": "Good"
      },
      "geometry": {
        "type": "Point",
        "coordinates": [
          2.1840505,
          41.3999177
        ]
      },
      "id": "node/13260065301"
    },
    {
      "type": "Feature",
      "properties": {
        "@id": "node/13281276601",
        "name": "Upper Diagonal Hotel",
        "tourism": "hotel",
        "nearest_route_m": 401.42,
        "nearby_routes_count": 2,
        "closeness_score": 0.5986,
        "variety_score": 0.5,
        "running_accessibility_score": 57.89,
        "running_category": "Acceptable"
      },
      "geometry": {
        "type": "Point",
        "coordinates": [
          2.1214398,
          41.3906238
        ]
      },
      "id": "node/13281276601"
    }
  ]
}
